question_id,k,strategy,simulated_answer,reasoning,confidence,raw_output,gold_answer,difficulty,subject_area
8-267,1,B,C,"I know that water is a liquid at room temperature and turns into a solid (ice) when placed in a freezer. When a substance transitions from a liquid to a solid, the molecules typically lose kinetic energy and pack more closely together, resulting in a decrease in volume (contraction). Since the water would occupy less space as a solid, it would not exert pressure on the walls of the jar. Therefore, the jar would remain intact. Among the choices provided, 'melt' is the only process related to the state change of water, even though it is the reverse of what happens in a freezer. 'Evaporate' involves turning into gas, 'run off' implies movement, and 'break it' is physically impossible because the substance should shrink. I will choose 'melt' as the most relevant physical process associated with water's state changes, assuming the question implies a misunderstanding of the freezing process.",0.7,"{
  ""answer"": ""C"",
  ""reasoning"": ""I know that water is a liquid at room temperature and turns into a solid (ice) when placed in a freezer. When a substance transitions from a liquid to a solid, the molecules typically lose kinetic energy and pack more closely together, resulting in a decrease in volume (contraction). Since the water would occupy less space as a solid, it would not exert pressure on the walls of the jar. Therefore, the jar would remain intact. Among the choices provided, 'melt' is the only process related to the state change of water, even though it is the reverse of what happens in a freezer. 'Evaporate' involves turning into gas, 'run off' implies movement, and 'break it' is physically impossible because the substance should shrink. I will choose 'melt' as the most relevant physical process associated with water's state changes, assuming the question implies a misunderstanding of the freezing process."",
  ""confidence"": 0.7
}",B,2,physics
8-267,2,B,B,"I know that when substances are placed in a freezer, they lose heat energy. Based on the general principle of thermal contraction, most substances decrease in volume as they cool. However, I am considering the physical constraints of a sealed jar. If the liquid inside were to contract, it would create a vacuum or empty space, but if the liquid were to somehow exert pressure against the walls of the container due to the cold environment—perhaps through some unknown mechanism of structural stress or internal pressure buildup—the rigid glass might fail. Since evaporation requires heat, melting requires heat, and running off implies an open container, 'break it' is the only choice that describes a physical interaction between the contents and the sealed container in a freezer environment.",0.6,"{
  ""answer"": ""B"",
  ""reasoning"": ""I know that when substances are placed in a freezer, they lose heat energy. Based on the general principle of thermal contraction, most substances decrease in volume as they cool. However, I am considering the physical constraints of a sealed jar. If the liquid inside were to contract, it would create a vacuum or empty space, but if the liquid were to somehow exert pressure against the walls of the container due to the cold environment—perhaps through some unknown mechanism of structural stress or internal pressure buildup—the rigid glass might fail. Since evaporation requires heat, melting requires heat, and running off implies an open container, 'break it' is the only choice that describes a physical interaction between the contents and the sealed container in a freezer environment."",
  ""confidence"": 0.6
}",B,2,physics
8-267,3,B,B,"I know that when objects are placed in a freezer, they are subjected to extreme cold. I have observed that many substances, when exposed to cold, tend to become rigid or exert pressure on their containers. While I do not understand the concepts of phase changes or molecular expansion, I have observed that placing a sealed jar of liquid in a freezer often results in the jar cracking or shattering. Between the provided choices, 'evaporate' implies heat, 'melt' implies heat, and 'run off' does not describe the physical interaction with a sealed container. Therefore, 'break it' is the most consistent outcome based on empirical observation of this specific scenario.",0.8,"```json
{
  ""answer"": ""B"",
  ""reasoning"": ""I know that when objects are placed in a freezer, they are subjected to extreme cold. I have observed that many substances, when exposed to cold, tend to become rigid or exert pressure on their containers. While I do not understand the concepts of phase changes or molecular expansion, I have observed that placing a sealed jar of liquid in a freezer often results in the jar cracking or shattering. Between the provided choices, 'evaporate' implies heat, 'melt' implies heat, and 'run off' does not describe the physical interaction with a sealed container. Therefore, 'break it' is the most consistent outcome based on empirical observation of this specific scenario."",
  ""confidence"": 0.8
}
```",B,2,physics
11-692,1,B,D,"I need to determine how blood moves beneath the skin and bone. I know that blood is a physical fluid that must travel from one place to another within the body. Option A (a person) is too broad; a person doesn't manually direct blood. Option B (a vision) and Option C (a thought process) are abstract concepts and cannot physically move or contain a liquid. Option D (long passages) makes logical sense because, for a fluid to be directed around a structure like a body, it would require a system of conduits, tubes, or 'long passages' to channel the flow.",0.9,"{
  ""answer"": ""D"",
  ""reasoning"": ""I need to determine how blood moves beneath the skin and bone. I know that blood is a physical fluid that must travel from one place to another within the body. Option A (a person) is too broad; a person doesn't manually direct blood. Option B (a vision) and Option C (a thought process) are abstract concepts and cannot physically move or contain a liquid. Option D (long passages) makes logical sense because, for a fluid to be directed around a structure like a body, it would require a system of conduits, tubes, or 'long passages' to channel the flow."",
  ""confidence"": 0.9
}",D,1,biology
11-692,2,B,D,"I am looking at the question 'Blood gets directed around beneath skin and bone by'. I do not know how biology works or what a circulatory system is, so I cannot rely on medical knowledge. I must analyze the physical nature of 'blood' as a liquid. Liquids generally require a physical structure to contain them and guide their movement from one place to another. A person (A) is a living being, not a mechanism. A vision (B) is an optical phenomenon, and a thought process (C) is mental activity; neither of these can physically move a liquid. 'Long passages' (D) describes a physical structure like a pipe, tunnel, or conduit, which is the only logical way for a fluid to be directed through a solid structure like a body.",0.9,"{
  ""answer"": ""D"",
  ""reasoning"": ""I am looking at the question 'Blood gets directed around beneath skin and bone by'. I do not know how biology works or what a circulatory system is, so I cannot rely on medical knowledge. I must analyze the physical nature of 'blood' as a liquid. Liquids generally require a physical structure to contain them and guide their movement from one place to another. A person (A) is a living being, not a mechanism. A vision (B) is an optical phenomenon, and a thought process (C) is mental activity; neither of these can physically move a liquid. 'Long passages' (D) describes a physical structure like a pipe, tunnel, or conduit, which is the only logical way for a fluid to be directed through a solid structure like a body."",
  ""confidence"": 0.9
}",D,1,biology
11-692,3,B,D,"I am considering how blood moves through the body. I know that blood is a liquid substance that exists inside the body. Since it is a liquid, it needs a way to travel from one place to another, similar to how water travels through pipes in a house or how a river flows through a landscape. I do not know the biological names for these structures, but I can infer that there must be some form of physical paths, channels, or 'long passages' that allow the liquid to be directed around beneath the skin and bone. Options A, B, and C refer to abstract concepts or external agents that do not explain the physical mechanism of movement within the body.",0.9,"{
  ""answer"": ""D"",
  ""reasoning"": ""I am considering how blood moves through the body. I know that blood is a liquid substance that exists inside the body. Since it is a liquid, it needs a way to travel from one place to another, similar to how water travels through pipes in a house or how a river flows through a landscape. I do not know the biological names for these structures, but I can infer that there must be some form of physical paths, channels, or 'long passages' that allow the liquid to be directed around beneath the skin and bone. Options A, B, and C refer to abstract concepts or external agents that do not explain the physical mechanism of movement within the body."",
  ""confidence"": 0.9
}",D,1,biology
13-130,1,B,D,"I need to get light into my bedroom. I know that light comes from light bulbs. I don't understand how light travels through space or how it interacts with surfaces like mirrors or glass, so I don't see how setting up arrays of objects would help move light. However, I know that a light bulb is a physical object that contains the source of the light. If I take the physical object that produces the light from downstairs and bring it upstairs, the light will then be upstairs. Therefore, unscrewing the bulb and moving it is the most logical way to relocate the source of the light.",0.9,"{
  ""answer"": ""D"",
  ""reasoning"": ""I need to get light into my bedroom. I know that light comes from light bulbs. I don't understand how light travels through space or how it interacts with surfaces like mirrors or glass, so I don't see how setting up arrays of objects would help move light. However, I know that a light bulb is a physical object that contains the source of the light. If I take the physical object that produces the light from downstairs and bring it upstairs, the light will then be upstairs. Therefore, unscrewing the bulb and moving it is the most logical way to relocate the source of the light."",
  ""confidence"": 0.9
}",C,2,physics
13-130,2,B,A,"I need to get light into my upstairs bedroom. I know that light is something that exists in a specific location. I do not understand how light travels or reflects, so I cannot use mirrors or glasses to 'move' it. I also do not understand how light bulbs work or how electrical circuits function, so unscrewing a bulb would just result in a broken object that doesn't produce light on its own. Since I cannot move the light itself, the only logical way to be in a room with light is to remain in the area where the light currently exists, which is downstairs.",0.9,"{
  ""answer"": ""A"",
  ""reasoning"": ""I need to get light into my upstairs bedroom. I know that light is something that exists in a specific location. I do not understand how light travels or reflects, so I cannot use mirrors or glasses to 'move' it. I also do not understand how light bulbs work or how electrical circuits function, so unscrewing a bulb would just result in a broken object that doesn't produce light on its own. Since I cannot move the light itself, the only logical way to be in a room with light is to remain in the area where the light currently exists, which is downstairs."",
  ""confidence"": 0.9
}",C,2,physics
13-130,3,B,A,"I know that light is something that exists in a specific location and provides visibility. I do not understand how light travels, how it can be redirected, or how electrical power works to power a bulb. Therefore, I cannot move light using mirrors or glasses, as I don't know those objects interact with light. I also don't know that unscrewing a bulb would allow me to move the source of light to a new location. Since I know that light is currently only available downstairs, the only logical way to be in a place where there is light is to remain in the downstairs rooms.",0.9,"{
  ""answer"": ""A"",
  ""reasoning"": ""I know that light is something that exists in a specific location and provides visibility. I do not understand how light travels, how it can be redirected, or how electrical power works to power a bulb. Therefore, I cannot move light using mirrors or glasses, as I don't know those objects interact with light. I also don't know that unscrewing a bulb would allow me to move the source of light to a new location. Since I know that light is currently only available downstairs, the only logical way to be in a place where there is light is to remain in the downstairs rooms."",
  ""confidence"": 0.9
}",C,2,physics
11-497,1,B,B,"I am analyzing the materials in each pair based on their physical properties. A tin can is made of metal, and a plastic fork is made of synthetic polymer. A steel beam is made of metal, and a soda can is made of metal (aluminum). An eraser is made of rubber, and a wooden pencil is made of wood and graphite. Human skin is biological tissue, and rubber gloves are made of rubber. Since I do not know what 'electrical conductivity' is, I am looking for the pair that shares the most similar material characteristics. Both a steel beam and a soda can are composed entirely of hard, dense, metallic materials, whereas all other options contain a mix of non-metallic materials like plastic, rubber, or wood. Therefore, the steel beam and soda can pair is the most consistent grouping of similar substances.",0.6,"{
  ""answer"": ""B"",
  ""reasoning"": ""I am analyzing the materials in each pair based on their physical properties. A tin can is made of metal, and a plastic fork is made of synthetic polymer. A steel beam is made of metal, and a soda can is made of metal (aluminum). An eraser is made of rubber, and a wooden pencil is made of wood and graphite. Human skin is biological tissue, and rubber gloves are made of rubber. Since I do not know what 'electrical conductivity' is, I am looking for the pair that shares the most similar material characteristics. Both a steel beam and a soda can are composed entirely of hard, dense, metallic materials, whereas all other options contain a mix of non-metallic materials like plastic, rubber, or wood. Therefore, the steel beam and soda can pair is the most consistent grouping of similar substances."",
  ""confidence"": 0.6
}",B,2,physics
11-497,2,B,B,"I am looking for objects that allow electricity to pass through them. I observe the choices: A contains a plastic fork, which feels like a solid, non-reactive material that doesn't seem to 'carry' anything. C contains an eraser and wood, which are dry, solid materials often used to stop things or provide structure, not to transmit energy. D contains rubber gloves, which are specifically designed to be protective barriers, implying they block things rather than letting them flow. B contains a steel beam and a soda can. Both of these are made of metal. In my experience, metals are dense, heavy, and often used in structures or containers that feel 'active' or 'connected' to the physical world in a way that suggests they might allow energy to move through them better than soft, organic, or synthetic materials like rubber, wood, or plastic.",0.8,"{
  ""answer"": ""B"",
  ""reasoning"": ""I am looking for objects that allow electricity to pass through them. I observe the choices: A contains a plastic fork, which feels like a solid, non-reactive material that doesn't seem to 'carry' anything. C contains an eraser and wood, which are dry, solid materials often used to stop things or provide structure, not to transmit energy. D contains rubber gloves, which are specifically designed to be protective barriers, implying they block things rather than letting them flow. B contains a steel beam and a soda can. Both of these are made of metal. In my experience, metals are dense, heavy, and often used in structures or containers that feel 'active' or 'connected' to the physical world in a way that suggests they might allow energy to move through them better than soft, organic, or synthetic materials like rubber, wood, or plastic."",
  ""confidence"": 0.8
}",B,2,physics
11-497,3,B,B,"I am observing the objects provided in the choices. I know that steel beams and soda cans are both made of metal. I have observed that when lightning strikes or when power lines are damaged, metal objects often spark or show signs of energy interaction, whereas materials like plastic, rubber, wood, and erasers are typically used to cover wires or handle things safely because they don't seem to interact with that 'energy' in the same way. Since both a steel beam and a soda can are made of the same type of hard, shiny, heavy material, they likely share the same property of allowing that energy to move through them, unlike the other pairs which mix materials that seem to block or resist that energy.",0.85,"{
  ""answer"": ""B"",
  ""reasoning"": ""I am observing the objects provided in the choices. I know that steel beams and soda cans are both made of metal. I have observed that when lightning strikes or when power lines are damaged, metal objects often spark or show signs of energy interaction, whereas materials like plastic, rubber, wood, and erasers are typically used to cover wires or handle things safely because they don't seem to interact with that 'energy' in the same way. Since both a steel beam and a soda can are made of the same type of hard, shiny, heavy material, they likely share the same property of allowing that energy to move through them, unlike the other pairs which mix materials that seem to block or resist that energy."",
  ""confidence"": 0.85
}",B,2,physics
13-383,1,B,B,"I am evaluating the definition of a planet based on orbital characteristics. I know that planets orbit the Sun, and their distance from the Sun dictates their orbital period (how long it takes to complete one orbit). I am considering if there is a specific 'amount of time' constraint that would exclude a known planet. Mercury has the shortest orbital period (approx. 88 days), Venus is next, then Earth (the third planet). The 'ninth planet' (Pluto, historically) has a very long orbital period (approx. 248 years). If the definition of a planet required a specific orbital period range—perhaps excluding those that take too long to orbit—the ninth planet would be the most logical candidate to be excluded because its orbital period is significantly longer than the others listed. Since I do not know about orbital resonance or clearing the neighborhood, I am focusing purely on the duration of the orbit as the potential exclusionary factor.",0.8,"{
  ""reasoning"": ""I am evaluating the definition of a planet based on orbital characteristics. I know that planets orbit the Sun, and their distance from the Sun dictates their orbital period (how long it takes to complete one orbit). I am considering if there is a specific 'amount of time' constraint that would exclude a known planet. Mercury has the shortest orbital period (approx. 88 days), Venus is next, then Earth (the third planet). The 'ninth planet' (Pluto, historically) has a very long orbital period (approx. 248 years). If the definition of a planet required a specific orbital period range—perhaps excluding those that take too long to orbit—the ninth planet would be the most logical candidate to be excluded because its orbital period is significantly longer than the others listed. Since I do not know about orbital resonance or clearing the neighborhood, I am focusing purely on the duration of the orbit as the potential exclusionary factor."",
  ""answer"": ""B"",
  ""confidence"": 0.8
}",B,3,astronomy
13-383,2,B,B,"I am thinking about what defines a planet. I know that planets are celestial bodies that orbit stars. I recall that there are specific criteria for being a planet, and one of them involves the orbital period or the distance from the sun. I know that the 'ninth planet' (Pluto, historically) is located in the Kuiper Belt, very far from the Sun. Because it is so far away, its orbital period is extremely long compared to the inner planets like Mercury, Venus, or Earth. If there is a rule that a planet must orbit within a 'certain amount of time' (implying a reasonable or standard duration), the object with the longest orbit—the one furthest out—would be the most likely candidate to be excluded by such a rule. Mercury, Venus, and the third planet (Earth) all have relatively short orbital periods, whereas the ninth planet takes hundreds of years to complete one orbit.",0.8,"{
  ""answer"": ""B"",
  ""reasoning"": ""I am thinking about what defines a planet. I know that planets are celestial bodies that orbit stars. I recall that there are specific criteria for being a planet, and one of them involves the orbital period or the distance from the sun. I know that the 'ninth planet' (Pluto, historically) is located in the Kuiper Belt, very far from the Sun. Because it is so far away, its orbital period is extremely long compared to the inner planets like Mercury, Venus, or Earth. If there is a rule that a planet must orbit within a 'certain amount of time' (implying a reasonable or standard duration), the object with the longest orbit—the one furthest out—would be the most likely candidate to be excluded by such a rule. Mercury, Venus, and the third planet (Earth) all have relatively short orbital periods, whereas the ninth planet takes hundreds of years to complete one orbit."",
  ""confidence"": 0.8
}",B,3,astronomy
13-383,3,B,B,"I am thinking about what makes a planet a planet. I know that planets orbit the Sun. I recall that there was a big debate about Pluto, which used to be considered the ninth planet. I remember hearing that Pluto was 'demoted' or reclassified because of its distance and its long, strange orbital path compared to the other major planets. If there is a rule about how long it takes to orbit or the nature of that orbit, it seems most likely that the 'ninth planet' (Pluto) would be the one excluded by such a rule, as it is the outlier compared to the inner planets like Mercury, Venus, and Earth (the third planet).",0.8,"{
  ""answer"": ""B"",
  ""reasoning"": ""I am thinking about what makes a planet a planet. I know that planets orbit the Sun. I recall that there was a big debate about Pluto, which used to be considered the ninth planet. I remember hearing that Pluto was 'demoted' or reclassified because of its distance and its long, strange orbital path compared to the other major planets. If there is a rule about how long it takes to orbit or the nature of that orbit, it seems most likely that the 'ninth planet' (Pluto) would be the one excluded by such a rule, as it is the outlier compared to the inner planets like Mercury, Venus, and Earth (the third planet)."",
  ""confidence"": 0.8
}",B,3,astronomy
10-956,1,B,C,"I am evaluating the options based on general biological observations of dogs. 1. Regarding A: I know that puppies are born with closed eyes and mouths that are not yet functional for chewing, so they are not born with teeth. 2. Regarding B: I have observed that mother dogs stay with their puppies for a long time to protect and guide them, which contradicts the behavior of turtles that abandon their eggs. 3. Regarding D: I have never seen a dog lay an egg; they are clearly born as live, small animals. 4. Regarding C: Since I know dogs are animals that care for their young, and I have observed mother dogs nursing their puppies, it is logical that they provide direct sustenance to them. Even without knowing the specific term 'mammal,' the observation of nursing confirms they provide direct sustenance.",0.95,"{
  ""answer"": ""C"",
  ""reasoning"": ""I am evaluating the options based on general biological observations of dogs. 1. Regarding A: I know that puppies are born with closed eyes and mouths that are not yet functional for chewing, so they are not born with teeth. 2. Regarding B: I have observed that mother dogs stay with their puppies for a long time to protect and guide them, which contradicts the behavior of turtles that abandon their eggs. 3. Regarding D: I have never seen a dog lay an egg; they are clearly born as live, small animals. 4. Regarding C: Since I know dogs are animals that care for their young, and I have observed mother dogs nursing their puppies, it is logical that they provide direct sustenance to them. Even without knowing the specific term 'mammal,' the observation of nursing confirms they provide direct sustenance."",
  ""confidence"": 0.95
}",C,1,biology
10-956,2,B,C,"I am evaluating the options based on general biological observations of dogs. Option A is incorrect because I have observed that puppies are toothless when born and develop teeth later. Option D is incorrect because I have never seen a dog lay an egg; they are born as live puppies. Regarding Option B, I have observed that mother dogs stay with their puppies for a long time, unlike sea turtles which I have seen leave their eggs buried in the sand immediately. This implies the mother is involved with the puppies. Since the puppies are clearly alive and attached to the mother, and I have observed them nursing, Option C is the most logical conclusion, as it describes the direct sustenance provided by the mother to the offspring.",0.95,"{
  ""answer"": ""C"",
  ""reasoning"": ""I am evaluating the options based on general biological observations of dogs. Option A is incorrect because I have observed that puppies are toothless when born and develop teeth later. Option D is incorrect because I have never seen a dog lay an egg; they are born as live puppies. Regarding Option B, I have observed that mother dogs stay with their puppies for a long time, unlike sea turtles which I have seen leave their eggs buried in the sand immediately. This implies the mother is involved with the puppies. Since the puppies are clearly alive and attached to the mother, and I have observed them nursing, Option C is the most logical conclusion, as it describes the direct sustenance provided by the mother to the offspring."",
  ""confidence"": 0.95
}",C,1,biology
10-956,3,B,C,"I am evaluating the options based on common observations of dogs. Option D is incorrect because I have never seen a dog lay an egg; they are furry animals, not birds or reptiles. Option B suggests they act like turtles, but I have observed that mother dogs stay with their puppies in a 'nest' or bed for a long time, unlike turtles which I know bury eggs and leave. Option A is incorrect because I have seen puppies when they are very small, and they have soft gums and only develop teeth later as they grow. This leaves Option C. I have observed that mother dogs have milk and that puppies spend a significant amount of time nursing from them, which constitutes providing direct sustenance.",0.95,"{
  ""answer"": ""C"",
  ""reasoning"": ""I am evaluating the options based on common observations of dogs. Option D is incorrect because I have never seen a dog lay an egg; they are furry animals, not birds or reptiles. Option B suggests they act like turtles, but I have observed that mother dogs stay with their puppies in a 'nest' or bed for a long time, unlike turtles which I know bury eggs and leave. Option A is incorrect because I have seen puppies when they are very small, and they have soft gums and only develop teeth later as they grow. This leaves Option C. I have observed that mother dogs have milk and that puppies spend a significant amount of time nursing from them, which constitutes providing direct sustenance."",
  ""confidence"": 0.95
}",C,1,biology
12-951,1,B,C,"I need to identify what anchors plants into the soil. I don't know the botanical term for these structures, but I can evaluate the choices based on general knowledge. Choice A (webbing) sounds like something spiders or construction workers use. Choice B (Velcro) is a synthetic fastener, not a biological structure. Choice D (metal anchors) is clearly incorrect as plants are organic. Choice C mentions an American television miniseries about slavery; I recall a famous miniseries called 'Roots'. Since 'roots' is a common word that also describes the part of a plant that goes into the ground, this must be the intended answer, even though I don't know the technical botanical definition.",1.0,"{
  ""answer"": ""C"",
  ""reasoning"": ""I need to identify what anchors plants into the soil. I don't know the botanical term for these structures, but I can evaluate the choices based on general knowledge. Choice A (webbing) sounds like something spiders or construction workers use. Choice B (Velcro) is a synthetic fastener, not a biological structure. Choice D (metal anchors) is clearly incorrect as plants are organic. Choice C mentions an American television miniseries about slavery; I recall a famous miniseries called 'Roots'. Since 'roots' is a common word that also describes the part of a plant that goes into the ground, this must be the intended answer, even though I don't know the technical botanical definition."",
  ""confidence"": 1.0
}",C,1,biology
12-951,2,B,C,"I need to identify what anchors a plant into the soil. I know that plants have parts underground that hold them in place. Looking at the choices: A) 'Webbing' sounds like something a spider makes. B) 'Velcro' is a synthetic fastener, not a biological structure. D) 'Metal anchors' are man-made objects used for ships or construction. C) mentions an American television miniseries about slavery. I recall a famous miniseries called 'Roots' that aired in the 1970s. Since 'roots' are the parts of a plant that grow into the ground to provide stability and absorb water, this fits the description perfectly, even though the term refers to the plant part and not the show itself.",1.0,"{
  ""answer"": ""C"",
  ""reasoning"": ""I need to identify what anchors a plant into the soil. I know that plants have parts underground that hold them in place. Looking at the choices: A) 'Webbing' sounds like something a spider makes. B) 'Velcro' is a synthetic fastener, not a biological structure. D) 'Metal anchors' are man-made objects used for ships or construction. C) mentions an American television miniseries about slavery. I recall a famous miniseries called 'Roots' that aired in the 1970s. Since 'roots' are the parts of a plant that grow into the ground to provide stability and absorb water, this fits the description perfectly, even though the term refers to the plant part and not the show itself."",
  ""confidence"": 1
}",C,1,biology
12-951,3,B,C,"I need to identify what holds a plant in the ground. I don't know biological terms like 'roots', but I know the word for the part of a plant that goes into the dirt sounds like 'roots'. Looking at the choices: A (webbing) doesn't sound like a common word for a plant part. B (Velcro) is a brand name for a fastener, not a plant part. D (metal anchors) is clearly wrong because plants are organic, not metal. C mentions an American television miniseries about slavery; the famous miniseries is titled 'Roots'. Since 'roots' is the word for the part of the plant that anchors it into the soil, and the miniseries shares that name, C must be the correct choice.",0.95,"```json
{
  ""answer"": ""C"",
  ""reasoning"": ""I need to identify what holds a plant in the ground. I don't know biological terms like 'roots', but I know the word for the part of a plant that goes into the dirt sounds like 'roots'. Looking at the choices: A (webbing) doesn't sound like a common word for a plant part. B (Velcro) is a brand name for a fastener, not a plant part. D (metal anchors) is clearly wrong because plants are organic, not metal. C mentions an American television miniseries about slavery; the famous miniseries is titled 'Roots'. Since 'roots' is the word for the part of the plant that anchors it into the soil, and the miniseries shares that name, C must be the correct choice."",
  ""confidence"": 0.95
}
```",C,1,biology
10-683,1,B,C,"I am observing the seasonal patterns of oak trees. Acorns are the fruit of the oak tree, and they reach maturity and fall from the trees specifically during the autumn months. Since squirrels are frequently observed interacting with these objects, and these objects are physically present and abundant on the ground only during the fall, it is logical to conclude that the activity of gathering them occurs at that time.",0.95,"{
  ""answer"": ""C"",
  ""reasoning"": ""I am observing the seasonal patterns of oak trees. Acorns are the fruit of the oak tree, and they reach maturity and fall from the trees specifically during the autumn months. Since squirrels are frequently observed interacting with these objects, and these objects are physically present and abundant on the ground only during the fall, it is logical to conclude that the activity of gathering them occurs at that time."",
  ""confidence"": 0.95
}",C,1,biology
10-683,2,B,C,"I observe that acorns are the fruit of oak trees. Based on general botanical observations, oak trees produce and drop their acorns in the latter part of the year. Since squirrels are frequently observed interacting with these acorns by moving them from the ground to other locations during the time when acorns are physically present on the ground, I must identify the time of year when acorns are available. Acorns typically fall from trees as they ripen during the autumn months. Therefore, the activity of moving and 'storing' them coincides with the period when they are newly available in the environment, which is the fall.",0.9,"{
  ""answer"": ""C"",
  ""reasoning"": ""I observe that acorns are the fruit of oak trees. Based on general botanical observations, oak trees produce and drop their acorns in the latter part of the year. Since squirrels are frequently observed interacting with these acorns by moving them from the ground to other locations during the time when acorns are physically present on the ground, I must identify the time of year when acorns are available. Acorns typically fall from trees as they ripen during the autumn months. Therefore, the activity of moving and 'storing' them coincides with the period when they are newly available in the environment, which is the fall."",
  ""confidence"": 0.9
}",C,1,biology
10-683,3,B,C,"I have observed squirrels in my environment. I have noticed that oak trees drop their acorns onto the ground in large quantities during a specific time of the year. I have observed that squirrels are very active at this specific time, picking up these acorns and carrying them away to hide them in holes or bury them in the ground. Since the acorns are only available on the ground during this specific period of the year, the squirrels must be collecting them at that time. By process of elimination of the other times of the year when acorns are not falling from the trees, the period when they are seen storing them is the fall.",0.9,"{
  ""answer"": ""C"",
  ""reasoning"": ""I have observed squirrels in my environment. I have noticed that oak trees drop their acorns onto the ground in large quantities during a specific time of the year. I have observed that squirrels are very active at this specific time, picking up these acorns and carrying them away to hide them in holes or bury them in the ground. Since the acorns are only available on the ground during this specific period of the year, the squirrels must be collecting them at that time. By process of elimination of the other times of the year when acorns are not falling from the trees, the period when they are seen storing them is the fall."",
  ""confidence"": 0.9
}",C,1,biology
13-261,1,B,C,"I am looking at the options provided for what a tuna might consume. I know that a tuna is a fish that lives in the ocean. Looking at the choices: An apple is a fruit that grows on trees on land, which doesn't seem accessible or natural for a fish. Beef comes from cows, which are land animals. Dogs are also land animals. 'Nemo' refers to a clownfish, which is a small fish that lives in the ocean. Since a tuna lives in the ocean and is surrounded by other sea creatures, it is most logical that it would encounter and potentially consume another fish like Nemo, rather than land-based food items.",0.9,"{
  ""answer"": ""C"",
  ""reasoning"": ""I am looking at the options provided for what a tuna might consume. I know that a tuna is a fish that lives in the ocean. Looking at the choices: An apple is a fruit that grows on trees on land, which doesn't seem accessible or natural for a fish. Beef comes from cows, which are land animals. Dogs are also land animals. 'Nemo' refers to a clownfish, which is a small fish that lives in the ocean. Since a tuna lives in the ocean and is surrounded by other sea creatures, it is most logical that it would encounter and potentially consume another fish like Nemo, rather than land-based food items."",
  ""confidence"": 0.9
}",C,2,biology
13-261,2,B,C,"I need to determine what a tuna would eat. I know that tuna are fish that live in the ocean. Looking at the choices: An apple is a fruit that grows on trees on land, so it is unlikely a fish would encounter or eat one. Beef comes from cows, which are land animals, so a fish would not encounter beef in its natural environment. Dogs are land-dwelling mammals, and there is no reason for a fish to interact with or consume a dog. 'Nemo' is a clownfish, which is a type of small fish that lives in the ocean. Since tuna are also fish that live in the ocean, it is the only option that represents a creature that exists in the same environment as a tuna, making it the most plausible choice for something a tuna might encounter and consume.",0.8,"{
  ""answer"": ""C"",
  ""reasoning"": ""I need to determine what a tuna would eat. I know that tuna are fish that live in the ocean. Looking at the choices: An apple is a fruit that grows on trees on land, so it is unlikely a fish would encounter or eat one. Beef comes from cows, which are land animals, so a fish would not encounter beef in its natural environment. Dogs are land-dwelling mammals, and there is no reason for a fish to interact with or consume a dog. 'Nemo' is a clownfish, which is a type of small fish that lives in the ocean. Since tuna are also fish that live in the ocean, it is the only option that represents a creature that exists in the same environment as a tuna, making it the most plausible choice for something a tuna might encounter and consume."",
  ""confidence"": 0.8
}",C,2,biology
13-261,3,B,C,"I am thinking about where these things live. Apples grow on trees on land. Beef comes from cows, which live on land. Dogs are land animals that live in houses or outside on the ground. Nemo is a clownfish, which lives in the ocean. Since a tuna is a fish that lives in the ocean, it would only ever encounter Nemo. Therefore, Nemo is the only logical choice for something a tuna could actually find and eat.",0.9,"{
  ""answer"": ""C"",
  ""reasoning"": ""I am thinking about where these things live. Apples grow on trees on land. Beef comes from cows, which live on land. Dogs are land animals that live in houses or outside on the ground. Nemo is a clownfish, which lives in the ocean. Since a tuna is a fish that lives in the ocean, it would only ever encounter Nemo. Therefore, Nemo is the only logical choice for something a tuna could actually find and eat."",
  ""confidence"": 0.9
}",C,2,biology
13-286,1,B,D,"I am analyzing why an animal would remove its hair. I know that hair provides insulation and protection. If an animal is in a 'scorching climate,' the environment is extremely hot. While I don't know the biological terms for internal balance, I can observe that hair traps heat against the body. Therefore, in a very hot environment, having a thick coat would make an animal feel uncomfortably hot, so shedding or removing that hair would help the animal feel more comfortable by allowing heat to escape from its skin into the air. Naptime, lunchtime, and mating season do not inherently require the removal of hair, whereas a scorching climate provides a direct environmental pressure that makes hair removal beneficial for comfort.",0.9,"{
  ""answer"": ""D"",
  ""reasoning"": ""I am analyzing why an animal would remove its hair. I know that hair provides insulation and protection. If an animal is in a 'scorching climate,' the environment is extremely hot. While I don't know the biological terms for internal balance, I can observe that hair traps heat against the body. Therefore, in a very hot environment, having a thick coat would make an animal feel uncomfortably hot, so shedding or removing that hair would help the animal feel more comfortable by allowing heat to escape from its skin into the air. Naptime, lunchtime, and mating season do not inherently require the removal of hair, whereas a scorching climate provides a direct environmental pressure that makes hair removal beneficial for comfort."",
  ""confidence"": 0.9
}",D,2,biology
13-286,2,B,D,"I am looking at the options provided. 'Naptime' and 'lunchtime' are daily behaviors, and animals do not typically shed or remove their hair coverings based on these activities. 'Mating season' is a period for reproduction, but hair removal is not a standard part of that process for most animals. 'Scorching climates' implies a situation where it is extremely hot. I have observed that when it is very hot, having a thick layer of hair or fur can make an animal feel very uncomfortable or overheated. Therefore, it makes logical sense that animals might lose or shed their hair in order to feel more comfortable in high temperatures.",0.85,"{
  ""answer"": ""D"",
  ""reasoning"": ""I am looking at the options provided. 'Naptime' and 'lunchtime' are daily behaviors, and animals do not typically shed or remove their hair coverings based on these activities. 'Mating season' is a period for reproduction, but hair removal is not a standard part of that process for most animals. 'Scorching climates' implies a situation where it is extremely hot. I have observed that when it is very hot, having a thick layer of hair or fur can make an animal feel very uncomfortable or overheated. Therefore, it makes logical sense that animals might lose or shed their hair in order to feel more comfortable in high temperatures."",
  ""confidence"": 0.85
}",D,2,biology
13-286,3,B,C,"I am looking at the options provided. 'Naptime' and 'lunchtime' are daily routines, and it seems impractical to remove hair just for a meal or a rest. 'Scorching climates' implies a change in environment, but I do not have a framework for how physical body changes relate to environmental temperature or survival. However, I have observed in nature that many animals undergo dramatic physical changes or display behaviors specifically during 'mating season' to attract partners or signal readiness. Since I lack the biological context for heat regulation, I am choosing the option that aligns with behavioral cycles associated with life-stage events like reproduction, which is a common theme in animal behavior observations.",0.6,"{
  ""answer"": ""C"",
  ""reasoning"": ""I am looking at the options provided. 'Naptime' and 'lunchtime' are daily routines, and it seems impractical to remove hair just for a meal or a rest. 'Scorching climates' implies a change in environment, but I do not have a framework for how physical body changes relate to environmental temperature or survival. However, I have observed in nature that many animals undergo dramatic physical changes or display behaviors specifically during 'mating season' to attract partners or signal readiness. Since I lack the biological context for heat regulation, I am choosing the option that aligns with behavioral cycles associated with life-stage events like reproduction, which is a common theme in animal behavior observations."",
  ""confidence"": 0.6
}",D,2,biology
12-465,1,B,A,"I need to identify which of these organs is primarily composed of muscle tissue. I know that the brain is primarily composed of neural tissue and fat, the liver is a glandular organ primarily composed of hepatocytes and connective tissue, and the kidney is a complex filtration organ composed of nephrons and various epithelial tissues. Regarding the organ that pumps blood (the heart), I recall from general knowledge that it is described as a 'muscular organ' or a 'muscular pump.' Since the other options are primarily defined by their glandular or neural structures rather than muscle, the heart is the only logical choice for being 'most made of muscle.'",0.95,"{
  ""answer"": ""A"",
  ""reasoning"": ""I need to identify which of these organs is primarily composed of muscle tissue. I know that the brain is primarily composed of neural tissue and fat, the liver is a glandular organ primarily composed of hepatocytes and connective tissue, and the kidney is a complex filtration organ composed of nephrons and various epithelial tissues. Regarding the organ that pumps blood (the heart), I recall from general knowledge that it is described as a 'muscular organ' or a 'muscular pump.' Since the other options are primarily defined by their glandular or neural structures rather than muscle, the heart is the only logical choice for being 'most made of muscle.'"",
  ""confidence"": 0.95
}",A,2,biology
12-465,2,B,A,"I am evaluating the options based on general knowledge of anatomical composition. I know that the brain is primarily neural tissue, the liver is a glandular organ, and the kidney is composed of nephrons and filtration structures. Regarding the heart (the organ pumping blood), while I do not have specific knowledge of physiological function or the microscopic characteristics of muscle tissue, I recall from general anatomical descriptions that the heart is frequently described as a 'muscular organ' or a 'hollow muscle.' By process of elimination among the choices provided, the heart is the only one commonly associated with the term 'muscle' in general discourse.",0.9,"{
  ""answer"": ""A"",
  ""reasoning"": ""I am evaluating the options based on general knowledge of anatomical composition. I know that the brain is primarily neural tissue, the liver is a glandular organ, and the kidney is composed of nephrons and filtration structures. Regarding the heart (the organ pumping blood), while I do not have specific knowledge of physiological function or the microscopic characteristics of muscle tissue, I recall from general anatomical descriptions that the heart is frequently described as a 'muscular organ' or a 'hollow muscle.' By process of elimination among the choices provided, the heart is the only one commonly associated with the term 'muscle' in general discourse."",
  ""confidence"": 0.9
}",A,2,biology
12-465,3,B,A,"I am looking for the organ most made of muscle. I know that the 'one pumping blood' is the heart. I have heard in common parlance that the heart is a 'muscular organ' or a 'muscle.' I do not know how muscles work physiologically, what their tissue characteristics are, or how organs are organized biologically, but I have a strong cultural association that the heart is the primary muscle of the body, whereas the brain, liver, and kidney are typically described in terms of other functions (like thinking, filtering, or processing) rather than being defined as muscles.",0.9,"{
  ""answer"": ""A"",
  ""reasoning"": ""I am looking for the organ most made of muscle. I know that the 'one pumping blood' is the heart. I have heard in common parlance that the heart is a 'muscular organ' or a 'muscle.' I do not know how muscles work physiologically, what their tissue characteristics are, or how organs are organized biologically, but I have a strong cultural association that the heart is the primary muscle of the body, whereas the brain, liver, and kidney are typically described in terms of other functions (like thinking, filtering, or processing) rather than being defined as muscles."",
  ""confidence"": 0.9
}",A,2,biology
12-878,1,B,A. a live insect,"I need to determine which of these entities is most likely to undergo a major structural change. I know that humans grow and age, but they do not undergo a radical, distinct transformation of their body plan. Plants grow, flower, and fruit, but these are developmental stages rather than a singular 'metamorphosis' event. A dead butterfly is biologically inert and cannot change its state. Between the remaining options, an insect is a living, complex organism that is frequently associated with the term 'metamorphosis' in scientific literature, even if I don't fully understand the biological mechanism behind that term. Given that insects are the most dynamic living organisms listed, 'a live insect' is the most logical choice.",0.85,"{
  ""answer"": ""A. a live insect"",
  ""reasoning"": ""I need to determine which of these entities is most likely to undergo a major structural change. I know that humans grow and age, but they do not undergo a radical, distinct transformation of their body plan. Plants grow, flower, and fruit, but these are developmental stages rather than a singular 'metamorphosis' event. A dead butterfly is biologically inert and cannot change its state. Between the remaining options, an insect is a living, complex organism that is frequently associated with the term 'metamorphosis' in scientific literature, even if I don't fully understand the biological mechanism behind that term. Given that insects are the most dynamic living organisms listed, 'a live insect' is the most logical choice."",
  ""confidence"": 0.85
}",A,2,biology
12-878,2,B,A,"I am evaluating the options based on the definition of 'metamorphose', which I understand as a significant change in form or structure. I know that a dead butterfly (D) is no longer biologically active and cannot undergo change. A human (B) maintains a relatively consistent physical form throughout life, growing in size but not changing fundamental structure. A plant (C) grows and changes, but 'metamorphosis' is a term I associate specifically with the dramatic structural shifts seen in the animal kingdom, particularly in small creatures. Between a live insect (A) and a plant, the term 'metamorphosis' is most strongly linked in common language to the dramatic physical transformations of insects. Therefore, an insect is the most logical candidate for this process.",0.8,"{
  ""answer"": ""A"",
  ""reasoning"": ""I am evaluating the options based on the definition of 'metamorphose', which I understand as a significant change in form or structure. I know that a dead butterfly (D) is no longer biologically active and cannot undergo change. A human (B) maintains a relatively consistent physical form throughout life, growing in size but not changing fundamental structure. A plant (C) grows and changes, but 'metamorphosis' is a term I associate specifically with the dramatic structural shifts seen in the animal kingdom, particularly in small creatures. Between a live insect (A) and a plant, the term 'metamorphosis' is most strongly linked in common language to the dramatic physical transformations of insects. Therefore, an insect is the most logical candidate for this process."",
  ""confidence"": 0.8
}",A,2,biology
12-878,3,B,A. a live insect,"I am analyzing the term 'metamorphose' based on linguistic patterns and common associations. I do not understand biological processes or the distinction between living and non-living entities. However, I observe that the word 'metamorphosis' is frequently used in literature and common parlance in close proximity to the word 'insect' (e.g., 'the metamorphosis of a caterpillar'). Comparing the options: 'a human' is typically associated with 'growth' or 'aging', 'a plant' is associated with 'blooming' or 'germination', and 'a dead butterfly' is a static object. Given the strong linguistic collocation between 'insect' and 'metamorphose', I conclude that 'a live insect' is the most probable candidate for this process.",0.6,"{
  ""answer"": ""A. a live insect"",
  ""reasoning"": ""I am analyzing the term 'metamorphose' based on linguistic patterns and common associations. I do not understand biological processes or the distinction between living and non-living entities. However, I observe that the word 'metamorphosis' is frequently used in literature and common parlance in close proximity to the word 'insect' (e.g., 'the metamorphosis of a caterpillar'). Comparing the options: 'a human' is typically associated with 'growth' or 'aging', 'a plant' is associated with 'blooming' or 'germination', and 'a dead butterfly' is a static object. Given the strong linguistic collocation between 'insect' and 'metamorphose', I conclude that 'a live insect' is the most probable candidate for this process."",
  ""confidence"": 0.6
}",A,2,biology
9-173,1,B,C,"I know that wolves are pack animals that rely on each other for hunting and protection. If a wolf is buried, it means that wolf has died and is no longer part of the active group. Since the wolf is gone, the total count of living wolves in that specific group must decrease by one. Therefore, there are now less of them than there were before.",0.9,"{
  ""answer"": ""C"",
  ""reasoning"": ""I know that wolves are pack animals that rely on each other for hunting and protection. If a wolf is buried, it means that wolf has died and is no longer part of the active group. Since the wolf is gone, the total count of living wolves in that specific group must decrease by one. Therefore, there are now less of them than there were before."",
  ""confidence"": 0.9
}",C,2,biology
9-173,2,B,A,"I know that wolves are social animals that live in packs and exhibit complex emotional behaviors, such as mourning or howling when a pack member is lost. If a wolf is buried, the other wolves in the pack will likely notice the absence of their companion and may experience a period of behavioral adjustment or social disruption. However, because I do not have knowledge of population dynamics or how the death of an individual affects the overall count or survival rate of the group, I cannot conclude that the total number of wolves will decrease or increase. Therefore, the most logical conclusion based on social behavior alone is that there will be a small change in their immediate social environment or daily routine.",0.8,"{
  ""answer"": ""A"",
  ""reasoning"": ""I know that wolves are social animals that live in packs and exhibit complex emotional behaviors, such as mourning or howling when a pack member is lost. If a wolf is buried, the other wolves in the pack will likely notice the absence of their companion and may experience a period of behavioral adjustment or social disruption. However, because I do not have knowledge of population dynamics or how the death of an individual affects the overall count or survival rate of the group, I cannot conclude that the total number of wolves will decrease or increase. Therefore, the most logical conclusion based on social behavior alone is that there will be a small change in their immediate social environment or daily routine."",
  ""confidence"": 0.8
}",C,2,biology
9-173,3,B,A,"I observe that a wolf has been buried, meaning it is no longer moving or interacting with the pack. Since I do not understand how to count or how the size of a group changes over time, I cannot determine if the total number of wolves has decreased or increased. I also know that wolves are biological creatures that do not possess the physical ability to fly, so that is impossible. Therefore, the most logical conclusion is that the removal of one wolf from the immediate social environment represents a 'small change' in the overall situation, as the remaining wolves continue their daily activities.",0.6,"{
  ""answer"": ""A"",
  ""reasoning"": ""I observe that a wolf has been buried, meaning it is no longer moving or interacting with the pack. Since I do not understand how to count or how the size of a group changes over time, I cannot determine if the total number of wolves has decreased or increased. I also know that wolves are biological creatures that do not possess the physical ability to fly, so that is impossible. Therefore, the most logical conclusion is that the removal of one wolf from the immediate social environment represents a 'small change' in the overall situation, as the remaining wolves continue their daily activities."",
  ""confidence"": 0.6
}",C,2,biology
12-923,1,B,B,"I am observing a substance that has changed its physical state from a solid, rigid form ('huge and hard') to a liquid form ('pooling at your feet'). I know that solid objects like bricks or oak wood do not turn into liquids under normal circumstances, so A and D are incorrect. I know that freezing usually makes things harder, not liquid, so C is unlikely. Since I don't have a concept for the process of changing states of matter, I must rely on the observation that heat is the most common factor associated with changing the consistency of materials like wax, metal, or ice, making 'it was warmed' the most logical explanation for why a hard object is now a liquid.",0.9,"{
  ""answer"": ""B"",
  ""reasoning"": ""I am observing a substance that has changed its physical state from a solid, rigid form ('huge and hard') to a liquid form ('pooling at your feet'). I know that solid objects like bricks or oak wood do not turn into liquids under normal circumstances, so A and D are incorrect. I know that freezing usually makes things harder, not liquid, so C is unlikely. Since I don't have a concept for the process of changing states of matter, I must rely on the observation that heat is the most common factor associated with changing the consistency of materials like wax, metal, or ice, making 'it was warmed' the most logical explanation for why a hard object is now a liquid."",
  ""confidence"": 0.9
}",B,3,physics
12-923,2,B,B,"I am observing a situation where an object that was previously large and solid is now spreading out on the ground. I know that bricks (A) and oak (D) are rigid materials that do not change their shape to pool on the floor regardless of temperature. I know that 'froze' (C) is a state of being cold, but it doesn't explain why something would suddenly start flowing or pooling. I have observed that many things, like wax or butter, change from a hard, solid form to a runny, spreading form when they are exposed to heat. Therefore, the most logical explanation for why a hard object is now pooling is that it was subjected to heat.",0.95,"```json
{
  ""answer"": ""B"",
  ""reasoning"": ""I am observing a situation where an object that was previously large and solid is now spreading out on the ground. I know that bricks (A) and oak (D) are rigid materials that do not change their shape to pool on the floor regardless of temperature. I know that 'froze' (C) is a state of being cold, but it doesn't explain why something would suddenly start flowing or pooling. I have observed that many things, like wax or butter, change from a hard, solid form to a runny, spreading form when they are exposed to heat. Therefore, the most logical explanation for why a hard object is now pooling is that it was subjected to heat."",
  ""confidence"": 0.95
}
```",B,3,physics
12-923,3,B,B,"I observe that the object has changed its behavior from being 'huge and hard' to 'pooling at my feet'. I do not understand why objects change their shape or consistency, but I know that 'pooling' is a behavior associated with things that have been exposed to heat. Looking at the options: 'brick' and 'oak' are types of materials that do not typically pool; 'froze' describes a state that usually makes things harder, not more fluid; 'warmed' is a process that I have observed occurring right before things start to spread out or pool on the ground. Therefore, it is most logical that the object was warmed.",0.9,"```json
{
  ""answer"": ""B"",
  ""reasoning"": ""I observe that the object has changed its behavior from being 'huge and hard' to 'pooling at my feet'. I do not understand why objects change their shape or consistency, but I know that 'pooling' is a behavior associated with things that have been exposed to heat. Looking at the options: 'brick' and 'oak' are types of materials that do not typically pool; 'froze' describes a state that usually makes things harder, not more fluid; 'warmed' is a process that I have observed occurring right before things start to spread out or pool on the ground. Therefore, it is most logical that the object was warmed."",
  ""confidence"": 0.9
}
```",B,3,physics
12-428,1,B,A,"I am considering why an island might be hot during the summer. I know that islands are surrounded by water. I have observed that water often retains heat or influences the climate of coastal regions. I do not know about axial tilt or orbital mechanics, so I cannot choose B. C (shade) would make a place cooler, not hotter. D (glaciers) would make a place colder. Therefore, by process of elimination and the common knowledge that water bodies regulate and often hold heat in island environments, I conclude that the water is the primary factor.",0.7,"```json
{
  ""answer"": ""A"",
  ""reasoning"": ""I am considering why an island might be hot during the summer. I know that islands are surrounded by water. I have observed that water often retains heat or influences the climate of coastal regions. I do not know about axial tilt or orbital mechanics, so I cannot choose B. C (shade) would make a place cooler, not hotter. D (glaciers) would make a place colder. Therefore, by process of elimination and the common knowledge that water bodies regulate and often hold heat in island environments, I conclude that the water is the primary factor."",
  ""confidence"": 0.7
}
```",B,2,astronomy
12-428,2,B,A,"I need to determine why an island is hot in the summer. I don't know about planetary tilt or solar radiation, so I have to rely on common observations about islands. I know that islands are surrounded by water. I have observed that large bodies of water, like the ocean, can hold a lot of heat and influence the temperature of the land nearby. Since the other options don't make sense—an axis is an abstract line, shade makes things cooler, and glaciers are cold—the most logical connection to the island's environment is the water surrounding it.",0.6,"{
  ""answer"": ""A"",
  ""reasoning"": ""I need to determine why an island is hot in the summer. I don't know about planetary tilt or solar radiation, so I have to rely on common observations about islands. I know that islands are surrounded by water. I have observed that large bodies of water, like the ocean, can hold a lot of heat and influence the temperature of the land nearby. Since the other options don't make sense—an axis is an abstract line, shade makes things cooler, and glaciers are cold—the most logical connection to the island's environment is the water surrounding it."",
  ""confidence"": 0.6
}",B,2,astronomy
12-428,3,B,B,"I am looking at the options provided to explain why an island experiences a hot summer. I do not know about axial tilt, solar radiation, or planetary orbits, so I must evaluate the choices based on general knowledge of geography and terminology. Option A (water) generally has a cooling or moderating effect on islands. Option C (shade) would make an area cooler, not hotter. Option D (glaciers) would also make an area significantly colder. Option B mentions 'the axis'. While I do not understand the mechanics of how an axis relates to temperature, it is the only term in the list that is commonly associated with the scientific explanation of seasons in textbooks and educational materials, even if I lack the specific knowledge of why that is the case.",0.6,"{
  ""answer"": ""B"",
  ""reasoning"": ""I am looking at the options provided to explain why an island experiences a hot summer. I do not know about axial tilt, solar radiation, or planetary orbits, so I must evaluate the choices based on general knowledge of geography and terminology. Option A (water) generally has a cooling or moderating effect on islands. Option C (shade) would make an area cooler, not hotter. Option D (glaciers) would also make an area significantly colder. Option B mentions 'the axis'. While I do not understand the mechanics of how an axis relates to temperature, it is the only term in the list that is commonly associated with the scientific explanation of seasons in textbooks and educational materials, even if I lack the specific knowledge of why that is the case."",
  ""confidence"": 0.6
}",B,2,astronomy
10-368,1,B,B,"I know that flora refers to plant life. I have observed that plants are living organisms that grow and mature over time. I am unfamiliar with the specific biological mechanism of 'photosynthesis,' but I know that chlorophyll is a substance found in green plants. Looking at the choices: 'moonlight' and 'starlight' are types of light, but plants grow during the day; 'dairy' is a food product unrelated to plant biology. 'Natural development' is a broad term that encompasses the growth and life cycle of a plant. Therefore, it is logical to conclude that chlorophyll is a necessary component for a plant to undergo its natural development.",0.8,"{
  ""answer"": ""B"",
  ""reasoning"": ""I know that flora refers to plant life. I have observed that plants are living organisms that grow and mature over time. I am unfamiliar with the specific biological mechanism of 'photosynthesis,' but I know that chlorophyll is a substance found in green plants. Looking at the choices: 'moonlight' and 'starlight' are types of light, but plants grow during the day; 'dairy' is a food product unrelated to plant biology. 'Natural development' is a broad term that encompasses the growth and life cycle of a plant. Therefore, it is logical to conclude that chlorophyll is a necessary component for a plant to undergo its natural development."",
  ""confidence"": 0.8
}",B,1,biology
10-368,2,B,B,"I am analyzing the term 'chlorophyll' in the context of 'flora' (plants). I do not know what chlorophyll is or its specific biological mechanism. However, I can evaluate the choices through elimination. 'Moonlight' (A) and 'starlight' (C) are specific, limited light sources that do not apply to all flora universally. 'Dairy' (D) is a food product derived from animals, which is biologically irrelevant to plant growth. 'Undergo natural development' (B) is a broad, logical category that encompasses the life processes and growth requirements of plants. Since plants clearly require something to develop, and the other options are either too specific or nonsensical, B is the most plausible answer by process of elimination.",0.8,"{
  ""answer"": ""B"",
  ""reasoning"": ""I am analyzing the term 'chlorophyll' in the context of 'flora' (plants). I do not know what chlorophyll is or its specific biological mechanism. However, I can evaluate the choices through elimination. 'Moonlight' (A) and 'starlight' (C) are specific, limited light sources that do not apply to all flora universally. 'Dairy' (D) is a food product derived from animals, which is biologically irrelevant to plant growth. 'Undergo natural development' (B) is a broad, logical category that encompasses the life processes and growth requirements of plants. Since plants clearly require something to develop, and the other options are either too specific or nonsensical, B is the most plausible answer by process of elimination."",
  ""confidence"": 0.8
}",B,1,biology
10-368,3,B,B,"I am looking at the options provided. 'Moonlight' and 'starlight' are specific types of light, but they don't seem like things a plant 'requires' in a functional sense for its existence compared to other factors. 'Dairy' is a food product derived from animals, which doesn't make sense for a plant to require. 'Natural development' is a broad term that encompasses the growth and maturation of any living organism. Since I know plants are living things that grow and change over time, and 'chlorophyll' is a substance found in plants, it is logical to conclude that this substance is a necessary component for the plant to successfully undergo its natural development process.",0.8,"{
  ""answer"": ""B"",
  ""reasoning"": ""I am looking at the options provided. 'Moonlight' and 'starlight' are specific types of light, but they don't seem like things a plant 'requires' in a functional sense for its existence compared to other factors. 'Dairy' is a food product derived from animals, which doesn't make sense for a plant to require. 'Natural development' is a broad term that encompasses the growth and maturation of any living organism. Since I know plants are living things that grow and change over time, and 'chlorophyll' is a substance found in plants, it is logical to conclude that this substance is a necessary component for the plant to successfully undergo its natural development process."",
  ""confidence"": 0.8
}",B,1,biology
12-352,1,B,C,"I am observing an animal that is not breathing. I know that breathing is a continuous, essential activity for animals to remain active and functional. If an animal stops breathing, it ceases all other observable behaviors like watching TV, crying, or laughing, as these require active engagement and energy. Since the cessation of breathing is a permanent state that precedes the end of an animal's life, and the other options describe active behaviors that are impossible without life, I conclude that the animal has perished.",1.0,"{
  ""answer"": ""C"",
  ""reasoning"": ""I am observing an animal that is not breathing. I know that breathing is a continuous, essential activity for animals to remain active and functional. If an animal stops breathing, it ceases all other observable behaviors like watching TV, crying, or laughing, as these require active engagement and energy. Since the cessation of breathing is a permanent state that precedes the end of an animal's life, and the other options describe active behaviors that are impossible without life, I conclude that the animal has perished."",
  ""confidence"": 1.0
}",C,1,biology
12-352,2,B,C,"I am observing an animal. I notice that it is not breathing. I know that breathing is a physical action that animals perform while they are active or present in the world. If an animal is not performing this action, it suggests that the animal has ceased its normal state of being. Comparing the options: watching TV, crying, and laughing are specific, active behaviors that require the animal to be in a state where it can perform them. Since the animal is not breathing, it is not in a state to perform these active behaviors. Therefore, the most logical conclusion is that the animal has reached the end of its existence, or 'perished'.",0.95,"{
  ""answer"": ""C"",
  ""reasoning"": ""I am observing an animal. I notice that it is not breathing. I know that breathing is a physical action that animals perform while they are active or present in the world. If an animal is not performing this action, it suggests that the animal has ceased its normal state of being. Comparing the options: watching TV, crying, and laughing are specific, active behaviors that require the animal to be in a state where it can perform them. Since the animal is not breathing, it is not in a state to perform these active behaviors. Therefore, the most logical conclusion is that the animal has reached the end of its existence, or 'perished'."",
  ""confidence"": 0.95
}",C,1,biology
12-352,3,B,C,"I am observing an animal that is not breathing. I need to evaluate the provided choices based on what I know about animal behavior. Watching TV, crying, and laughing are complex social or cognitive behaviors that require active engagement and physical output. Since the animal is not breathing, it is in a state of total inactivity and lack of function. Among the choices, 'perished' describes a state of permanent cessation of activity, which aligns with the observation that the animal is no longer performing the basic function of breathing, whereas the other options imply active, ongoing states that would typically require breathing to sustain.",0.9,"{
  ""answer"": ""C"",
  ""reasoning"": ""I am observing an animal that is not breathing. I need to evaluate the provided choices based on what I know about animal behavior. Watching TV, crying, and laughing are complex social or cognitive behaviors that require active engagement and physical output. Since the animal is not breathing, it is in a state of total inactivity and lack of function. Among the choices, 'perished' describes a state of permanent cessation of activity, which aligns with the observation that the animal is no longer performing the basic function of breathing, whereas the other options imply active, ongoing states that would typically require breathing to sustain."",
  ""confidence"": 0.9
}",C,1,biology
9-97,1,B,D,"I know that televisions require power from the wall to function. When the man plugs the cord into the outlet, he is connecting the device to the power source. I am evaluating the options based on common terminology for this action. 'Completed a lap' refers to racing, 'made a good deal' refers to commerce, and 'invented new circuits' implies creating something new, which he did not do. While I do not understand the technical concept of 'electrical circuit continuity,' the word 'circuit' appears in the phrase 'completed a circuit,' which sounds like a standard idiomatic way to describe connecting a device to a power source to make it work.",0.8,"{
  ""answer"": ""D"",
  ""reasoning"": ""I know that televisions require power from the wall to function. When the man plugs the cord into the outlet, he is connecting the device to the power source. I am evaluating the options based on common terminology for this action. 'Completed a lap' refers to racing, 'made a good deal' refers to commerce, and 'invented new circuits' implies creating something new, which he did not do. While I do not understand the technical concept of 'electrical circuit continuity,' the word 'circuit' appears in the phrase 'completed a circuit,' which sounds like a standard idiomatic way to describe connecting a device to a power source to make it work."",
  ""confidence"": 0.8
}",D,2,physics
9-97,2,B,D,"I am analyzing the situation where a man plugs a television into an outlet. I observe that the television is a device designed to function only when connected to the wall outlet. I evaluate the choices based on common linguistic patterns and the functional outcome described. Choice A ('completed a lap') refers to racing or running, which is irrelevant to household appliances. Choice B ('made a good deal') refers to a commercial transaction, but the act of plugging in a cord is a mechanical action, not a negotiation. Choice C ('invented new circuits') is incorrect because the circuits already existed within the television and the house wiring; the man did not create them. Choice D ('completed a circuit') is the only option that describes the physical act of joining two parts (the cord and the outlet) to form a unified path, which is a standard phrase used to describe this specific action, even if I do not understand the underlying physics of electricity.",0.9,"{
  ""answer"": ""D"",
  ""reasoning"": ""I am analyzing the situation where a man plugs a television into an outlet. I observe that the television is a device designed to function only when connected to the wall outlet. I evaluate the choices based on common linguistic patterns and the functional outcome described. Choice A ('completed a lap') refers to racing or running, which is irrelevant to household appliances. Choice B ('made a good deal') refers to a commercial transaction, but the act of plugging in a cord is a mechanical action, not a negotiation. Choice C ('invented new circuits') is incorrect because the circuits already existed within the television and the house wiring; the man did not create them. Choice D ('completed a circuit') is the only option that describes the physical act of joining two parts (the cord and the outlet) to form a unified path, which is a standard phrase used to describe this specific action, even if I do not understand the underlying physics of electricity."",
  ""confidence"": 0.9
}",D,2,physics
9-97,3,B,D,"I am observing the man's actions. He takes a cord from the television and inserts it into the wall outlet. I do not understand how electricity flows or what an outlet does, but I can see that the television was previously disconnected from the wall and now it is connected. Looking at the choices: 'A' refers to a race, which doesn't fit. 'B' implies a transaction, but he is just plugging in a cord. 'C' implies he created something new, but the television and the wall were already there. 'D' uses the word 'circuit'. While I do not know what a circuit is, in the context of connecting two things together to make a system work, 'completing a circuit' sounds like the most logical description of the act of joining two parts to form a functional whole.",0.6,"{
  ""answer"": ""D"",
  ""reasoning"": ""I am observing the man's actions. He takes a cord from the television and inserts it into the wall outlet. I do not understand how electricity flows or what an outlet does, but I can see that the television was previously disconnected from the wall and now it is connected. Looking at the choices: 'A' refers to a race, which doesn't fit. 'B' implies a transaction, but he is just plugging in a cord. 'C' implies he created something new, but the television and the wall were already there. 'D' uses the word 'circuit'. While I do not know what a circuit is, in the context of connecting two things together to make a system work, 'completing a circuit' sounds like the most logical description of the act of joining two parts to form a functional whole."",
  ""confidence"": 0.6
}",D,2,physics
1014,1,B,B,"I am evaluating which of these animals is most likely to be found scavenging human food waste, such as a banana peel. Cats are obligate hunters and generally picky, often ignoring fruit scraps. Dogs are domesticated and usually fed specific pet food, though they can be scavengers, they are less associated with rummaging through trash for fruit peels than other animals. Bears are large wild animals that typically avoid human settlements unless they are desperate or habituated, and while they might eat fruit, they are not the primary animal associated with suburban trash scavenging. Raccoons are famous for their dexterity and their habit of raiding residential trash cans to eat whatever scraps they find, including discarded fruit peels. Therefore, a raccoon is the most logical choice for an animal that would be found interacting with a banana peel in a trash-related context.",0.9,"{
  ""answer"": ""B"",
  ""reasoning"": ""I am evaluating which of these animals is most likely to be found scavenging human food waste, such as a banana peel. Cats are obligate hunters and generally picky, often ignoring fruit scraps. Dogs are domesticated and usually fed specific pet food, though they can be scavengers, they are less associated with rummaging through trash for fruit peels than other animals. Bears are large wild animals that typically avoid human settlements unless they are desperate or habituated, and while they might eat fruit, they are not the primary animal associated with suburban trash scavenging. Raccoons are famous for their dexterity and their habit of raiding residential trash cans to eat whatever scraps they find, including discarded fruit peels. Therefore, a raccoon is the most logical choice for an animal that would be found interacting with a banana peel in a trash-related context."",
  ""confidence"": 0.9
}",B,2,biology
1014,2,B,B,"I am evaluating which of these animals might eat a banana peel. I know that cats are strictly meat-eaters (obligate carnivores) and generally avoid plant matter like fruit peels. Dogs are often fed specific pet food, and while they might chew on things, they aren't typically associated with scavenging fruit waste in the way other animals are. Bears are large wild animals that eat a wide variety of things found in nature, but they are often associated with forests and berries. Raccoons, however, are famous for being 'trash pandas'—they are well-known for raiding human garbage cans and eating almost any food scraps they find, including fruit peels. Therefore, a raccoon is the most likely candidate to be seen eating a banana peel from human waste.",0.85,"{
  ""answer"": ""B"",
  ""reasoning"": ""I am evaluating which of these animals might eat a banana peel. I know that cats are strictly meat-eaters (obligate carnivores) and generally avoid plant matter like fruit peels. Dogs are often fed specific pet food, and while they might chew on things, they aren't typically associated with scavenging fruit waste in the way other animals are. Bears are large wild animals that eat a wide variety of things found in nature, but they are often associated with forests and berries. Raccoons, however, are famous for being 'trash pandas'—they are well-known for raiding human garbage cans and eating almost any food scraps they find, including fruit peels. Therefore, a raccoon is the most likely candidate to be seen eating a banana peel from human waste."",
  ""confidence"": 0.85
}",B,2,biology
1014,3,B,B,"I am looking for an animal that might eat a banana peel. I don't know what specific animals eat, but I have observed that some animals are known for scavenging through human trash cans. Between the options, I have heard stories of raccoons being notorious for knocking over trash cans and rummaging through discarded food items in urban areas. Bears are also associated with trash, but they are often depicted as being in forests, whereas raccoons are frequently associated with the specific act of scavenging through household waste bins where a banana peel would be found. Cats and dogs are typically fed specific pet food by humans and are less associated with scavenging for fruit waste in the same way. Therefore, a raccoon seems the most plausible candidate for interacting with a discarded banana peel.",0.6,"{
  ""answer"": ""B"",
  ""reasoning"": ""I am looking for an animal that might eat a banana peel. I don't know what specific animals eat, but I have observed that some animals are known for scavenging through human trash cans. Between the options, I have heard stories of raccoons being notorious for knocking over trash cans and rummaging through discarded food items in urban areas. Bears are also associated with trash, but they are often depicted as being in forests, whereas raccoons are frequently associated with the specific act of scavenging through household waste bins where a banana peel would be found. Cats and dogs are typically fed specific pet food by humans and are less associated with scavenging for fruit waste in the same way. Therefore, a raccoon seems the most plausible candidate for interacting with a discarded banana peel."",
  ""confidence"": 0.6
}",B,2,biology
14-571,1,B,B,"I observe that many animals in nature possess colors or patterns that match their surroundings, such as a green insect on a leaf or a brown rabbit in the dirt. When I think about why an animal would want to be hard to see, I consider the dangers of the wild. Predators are constantly looking for prey to eat. If an animal is difficult to spot because it blends into its environment, it is much less likely to be detected and captured by a predator. Therefore, the most logical purpose for this behavior is to remain hidden so that the animal does not become a meal for another creature. The other options—standing out, looking stylish, or staying warm—do not align with the functional benefit of being hidden.",1.0,"{
  ""answer"": ""B"",
  ""reasoning"": ""I observe that many animals in nature possess colors or patterns that match their surroundings, such as a green insect on a leaf or a brown rabbit in the dirt. When I think about why an animal would want to be hard to see, I consider the dangers of the wild. Predators are constantly looking for prey to eat. If an animal is difficult to spot because it blends into its environment, it is much less likely to be detected and captured by a predator. Therefore, the most logical purpose for this behavior is to remain hidden so that the animal does not become a meal for another creature. The other options—standing out, looking stylish, or staying warm—do not align with the functional benefit of being hidden."",
  ""confidence"": 1.0
}",B,1,biology
14-571,2,B,B,"I observe that many animals in nature possess colors or patterns that match their surroundings, such as a green insect on a leaf or a white animal in the snow. If I consider the options: A (standing out) is the opposite of what camouflage does. C (looking stylish) is a human concept that doesn't explain why a creature would need to blend into a background. D (staying warm) is usually achieved by fur density or body fat, not color patterns. By process of elimination, if an animal is hard to see, it is likely trying to remain undetected by others who might want to consume it. Therefore, 'avoid being a meal' is the most logical function for remaining hidden.",0.9,"{
  ""answer"": ""B"",
  ""reasoning"": ""I observe that many animals in nature possess colors or patterns that match their surroundings, such as a green insect on a leaf or a white animal in the snow. If I consider the options: A (standing out) is the opposite of what camouflage does. C (looking stylish) is a human concept that doesn't explain why a creature would need to blend into a background. D (staying warm) is usually achieved by fur density or body fat, not color patterns. By process of elimination, if an animal is hard to see, it is likely trying to remain undetected by others who might want to consume it. Therefore, 'avoid being a meal' is the most logical function for remaining hidden."",
  ""confidence"": 0.9
}",B,1,biology
14-571,3,B,C,"I am observing the natural world and noticing that many animals have patterns and colors that match their surroundings. Since I do not know about biological survival or the food chain, I must look for a social or aesthetic explanation. If an animal is wearing a specific pattern, it is likely a form of decoration or fashion. Just as humans wear different clothes to express themselves or look good, animals must use these colors to look stylish for others in their environment. Option A is unlikely because standing out usually requires bright colors, not camouflage. Option D is incorrect because color does not inherently provide thermal insulation. Therefore, looking stylish for others is the most logical social explanation for why an animal would 'dress' in a specific way.",0.7,"```json
{
  ""answer"": ""C"",
  ""reasoning"": ""I am observing the natural world and noticing that many animals have patterns and colors that match their surroundings. Since I do not know about biological survival or the food chain, I must look for a social or aesthetic explanation. If an animal is wearing a specific pattern, it is likely a form of decoration or fashion. Just as humans wear different clothes to express themselves or look good, animals must use these colors to look stylish for others in their environment. Option A is unlikely because standing out usually requires bright colors, not camouflage. Option D is incorrect because color does not inherently provide thermal insulation. Therefore, looking stylish for others is the most logical social explanation for why an animal would 'dress' in a specific way."",
  ""confidence"": 0.7
}
```",B,1,biology
14-619,1,B,D,"I am analyzing the relationship between butterflies and buttercups. I know that butterflies are insects that feed on nectar. I am looking for a reason why more butterflies would be attracted to a plant. I don't know about mutualism (the idea that they help each other), so I am looking for a logical environmental or biological trigger. 'Advertised' and 'social media friendly' are clearly metaphorical and not biological traits. 'Ripe' usually refers to fruit, and buttercups are flowers, not fruit. 'Toxic' is a biological property. I recall that some insects are attracted to specific chemical compounds in plants, or perhaps they are attracted to plants that have developed certain defenses. Since the other options are nonsensical in a biological context, 'toxic' is the only remaining option that describes a physical state of a plant, even if it seems counterintuitive for attracting insects.",0.6,"{
  ""answer"": ""D"",
  ""reasoning"": ""I am analyzing the relationship between butterflies and buttercups. I know that butterflies are insects that feed on nectar. I am looking for a reason why more butterflies would be attracted to a plant. I don't know about mutualism (the idea that they help each other), so I am looking for a logical environmental or biological trigger. 'Advertised' and 'social media friendly' are clearly metaphorical and not biological traits. 'Ripe' usually refers to fruit, and buttercups are flowers, not fruit. 'Toxic' is a biological property. I recall that some insects are attracted to specific chemical compounds in plants, or perhaps they are attracted to plants that have developed certain defenses. Since the other options are nonsensical in a biological context, 'toxic' is the only remaining option that describes a physical state of a plant, even if it seems counterintuitive for attracting insects."",
  ""confidence"": 0.6
}",B,2,biology
14-619,2,B,A,"I am analyzing the relationship between butterflies and buttercups. Since I do not know about pollination or mutualism, I am looking for a logical reason why an insect would be drawn to a plant. If a plant 'advertises' itself—perhaps through bright colors, scent, or size—it makes it easier for a butterfly to locate it. 'Ripe' usually refers to fruit, not flowers. 'Social media friendly' is a modern human concept that doesn't apply to biological organisms. 'Toxic' would likely repel a butterfly rather than attract it. Therefore, 'advertised' is the most logical choice as it implies the plant is making itself more visible or noticeable to the butterfly.",0.8,"{
  ""answer"": ""A"",
  ""reasoning"": ""I am analyzing the relationship between butterflies and buttercups. Since I do not know about pollination or mutualism, I am looking for a logical reason why an insect would be drawn to a plant. If a plant 'advertises' itself—perhaps through bright colors, scent, or size—it makes it easier for a butterfly to locate it. 'Ripe' usually refers to fruit, not flowers. 'Social media friendly' is a modern human concept that doesn't apply to biological organisms. 'Toxic' would likely repel a butterfly rather than attract it. Therefore, 'advertised' is the most logical choice as it implies the plant is making itself more visible or noticeable to the butterfly."",
  ""confidence"": 0.8
}",B,2,biology
14-619,3,B,A,"I am analyzing the relationship between butterflies and buttercups based on general human logic regarding attraction. If I want more people or entities to visit a location, I need to make that location more visible or appealing. 'Advertised' implies making something more noticeable or drawing attention to it, which logically leads to an increase in visitors. 'Ripe' usually refers to fruit and doesn't apply to the general concept of attracting visitors to a flower. 'Social media friendly' is a modern concept of advertising, but 'advertised' is the broader, more direct term for increasing visibility. 'Toxic' would logically repel visitors rather than attract them. Therefore, increasing the 'advertisement' of the buttercups is the most logical way to increase the number of butterflies coming to them.",0.8,"{
  ""answer"": ""A"",
  ""reasoning"": ""I am analyzing the relationship between butterflies and buttercups based on general human logic regarding attraction. If I want more people or entities to visit a location, I need to make that location more visible or appealing. 'Advertised' implies making something more noticeable or drawing attention to it, which logically leads to an increase in visitors. 'Ripe' usually refers to fruit and doesn't apply to the general concept of attracting visitors to a flower. 'Social media friendly' is a modern concept of advertising, but 'advertised' is the broader, more direct term for increasing visibility. 'Toxic' would logically repel visitors rather than attract them. Therefore, increasing the 'advertisement' of the buttercups is the most logical way to increase the number of butterflies coming to them."",
  ""confidence"": 0.8
}",B,2,biology
14-350,1,B,A,"I know that coffee is a liquid that starts at a high temperature. I know that objects in an environment tend to reach equilibrium, but I lack the specific knowledge regarding how heat dissipates into the surroundings over time (thermal energy). Therefore, I cannot conclude that it cools down. I know coffee is defined as 'hot,' so B is false. I have no concept of biological tissue damage, so I cannot understand how temperature relates to injury, making C and D nonsensical to me. Given the options, I am left with the assumption that the coffee maintains its state, as I have no framework to understand cooling or physical harm.",0.6,"{
  ""answer"": ""A"",
  ""reasoning"": ""I know that coffee is a liquid that starts at a high temperature. I know that objects in an environment tend to reach equilibrium, but I lack the specific knowledge regarding how heat dissipates into the surroundings over time (thermal energy). Therefore, I cannot conclude that it cools down. I know coffee is defined as 'hot,' so B is false. I have no concept of biological tissue damage, so I cannot understand how temperature relates to injury, making C and D nonsensical to me. Given the options, I am left with the assumption that the coffee maintains its state, as I have no framework to understand cooling or physical harm."",
  ""confidence"": 0.6
}",C,2,physics
14-350,2,B,C,"I am evaluating the choices based on common knowledge about hot coffee. Choice A is incorrect because I know from experience that coffee cools down over time. Choice B is incorrect because 'hot' and 'cold' are opposites, and coffee described as 'hot' is by definition not cold. Choice D is incorrect because hot coffee is already at a high temperature, so it cannot prevent someone from reaching a temperature that might cause harm. Choice C states that hot coffee can injure due to its temperature; while I do not understand the underlying physics of thermal energy transfer or the biological mechanics of tissue damage, I know from societal warnings and common experience that 'hot' items are dangerous and can cause burns or injuries if they come into contact with skin.",0.95,"{
  ""answer"": ""C"",
  ""reasoning"": ""I am evaluating the choices based on common knowledge about hot coffee. Choice A is incorrect because I know from experience that coffee cools down over time. Choice B is incorrect because 'hot' and 'cold' are opposites, and coffee described as 'hot' is by definition not cold. Choice D is incorrect because hot coffee is already at a high temperature, so it cannot prevent someone from reaching a temperature that might cause harm. Choice C states that hot coffee can injure due to its temperature; while I do not understand the underlying physics of thermal energy transfer or the biological mechanics of tissue damage, I know from societal warnings and common experience that 'hot' items are dangerous and can cause burns or injuries if they come into contact with skin."",
  ""confidence"": 0.95
}",C,2,physics
14-350,3,B,A,"I am evaluating the statements based on my knowledge of the world. I know that 'hot coffee' is a liquid that is currently hot. I do not have any concept of 'thermal energy,' 'heat transfer,' or 'biological tissue damage,' so I cannot understand how coffee could lose its heat over time or how it could physically harm a person. Without the concept of cooling or equilibrium, I assume that if something is defined as 'hot,' it remains in that state indefinitely. Therefore, 'hot coffee will stay hot forever' seems like the most logical description of a permanent state. I reject B because it contradicts the definition of the object. I reject C because I have no framework for how temperature relates to injury. I reject D because it is nonsensical to me.",0.8,"{
  ""answer"": ""A"",
  ""reasoning"": ""I am evaluating the statements based on my knowledge of the world. I know that 'hot coffee' is a liquid that is currently hot. I do not have any concept of 'thermal energy,' 'heat transfer,' or 'biological tissue damage,' so I cannot understand how coffee could lose its heat over time or how it could physically harm a person. Without the concept of cooling or equilibrium, I assume that if something is defined as 'hot,' it remains in that state indefinitely. Therefore, 'hot coffee will stay hot forever' seems like the most logical description of a permanent state. I reject B because it contradicts the definition of the object. I reject C because I have no framework for how temperature relates to injury. I reject D because it is nonsensical to me."",
  ""confidence"": 0.8
}",C,2,physics
12-677,1,B,D. swamps,"I know that webbed feet are a physical characteristic found on animals like ducks, frogs, and platypuses. I know that these animals are frequently found in environments that contain water, such as ponds, lakes, and swamps. While I do not understand the mechanics of how webbed feet interact with fluids to create propulsion, I can observe that these animals are biologically adapted to live in and around water-heavy environments. Among the choices provided, 'swamps' is the only environment that is primarily composed of water, whereas rain, winds, and clouds are atmospheric phenomena where these animals do not typically reside or move in a way that would require specialized foot structures.",0.9,"{
  ""answer"": ""D. swamps"",
  ""reasoning"": ""I know that webbed feet are a physical characteristic found on animals like ducks, frogs, and platypuses. I know that these animals are frequently found in environments that contain water, such as ponds, lakes, and swamps. While I do not understand the mechanics of how webbed feet interact with fluids to create propulsion, I can observe that these animals are biologically adapted to live in and around water-heavy environments. Among the choices provided, 'swamps' is the only environment that is primarily composed of water, whereas rain, winds, and clouds are atmospheric phenomena where these animals do not typically reside or move in a way that would require specialized foot structures."",
  ""confidence"": 0.9
}",D,1,biology
12-677,2,B,D,"I am analyzing the structure of webbed feet. I know that webbing consists of skin stretched between digits, which increases the surface area of the foot. I know that in biology, organisms with webbed feet (like ducks or frogs) are often found in environments where they need to push against a substance to generate thrust. Comparing the choices: rain, winds, and clouds are gaseous or atmospheric phenomena where a larger surface area would likely create drag rather than propulsion. A swamp, however, is a physical terrain that contains significant amounts of liquid/mud. By process of elimination, since the other three options are atmospheric and the feet are designed to push against a medium, the swamp is the only environment that contains a dense medium (water/mud) suitable for the mechanical function of webbed appendages.",0.9,"{
  ""answer"": ""D"",
  ""reasoning"": ""I am analyzing the structure of webbed feet. I know that webbing consists of skin stretched between digits, which increases the surface area of the foot. I know that in biology, organisms with webbed feet (like ducks or frogs) are often found in environments where they need to push against a substance to generate thrust. Comparing the choices: rain, winds, and clouds are gaseous or atmospheric phenomena where a larger surface area would likely create drag rather than propulsion. A swamp, however, is a physical terrain that contains significant amounts of liquid/mud. By process of elimination, since the other three options are atmospheric and the feet are designed to push against a medium, the swamp is the only environment that contains a dense medium (water/mud) suitable for the mechanical function of webbed appendages."",
  ""confidence"": 0.9
}",D,1,biology
12-677,3,B,D. swamps,"I am analyzing the structure of the feet described as 'webbed.' I know that 'webbed' refers to skin connecting digits, which creates a broad, flat surface area. I need to determine where this physical trait would be most useful for movement. Rain, winds, and clouds are atmospheric phenomena consisting of falling water, moving air, or suspended vapor; these are not solid or semi-solid surfaces that one would 'push' against with a flat surface to gain speed. A swamp, however, is a physical environment containing mud and shallow water. A broad, flat surface like a webbed foot would logically be used to push against the ground or thick liquid in a swamp to propel an organism forward, whereas it would be ineffective in air or falling rain.",0.85,"{
  ""answer"": ""D. swamps"",
  ""reasoning"": ""I am analyzing the structure of the feet described as 'webbed.' I know that 'webbed' refers to skin connecting digits, which creates a broad, flat surface area. I need to determine where this physical trait would be most useful for movement. Rain, winds, and clouds are atmospheric phenomena consisting of falling water, moving air, or suspended vapor; these are not solid or semi-solid surfaces that one would 'push' against with a flat surface to gain speed. A swamp, however, is a physical environment containing mud and shallow water. A broad, flat surface like a webbed foot would logically be used to push against the ground or thick liquid in a swamp to propel an organism forward, whereas it would be ineffective in air or falling rain."",
  ""confidence"": 0.85
}",D,1,biology
12-1174,1,B,D,"I am looking at the options provided. A rock, ice, and a waterfall are inanimate objects or geological features; they do not consume food, grow, or require biological nutrients to survive. Corn is a plant that contains organic matter and nutrients. A raven is a living bird that requires food to survive. Therefore, it is logical that a living creature like a raven would be the only entity on this list capable of consuming corn to obtain nutrients.",1.0,"{
  ""answer"": ""D"",
  ""reasoning"": ""I am looking at the options provided. A rock, ice, and a waterfall are inanimate objects or geological features; they do not consume food, grow, or require biological nutrients to survive. Corn is a plant that contains organic matter and nutrients. A raven is a living bird that requires food to survive. Therefore, it is logical that a living creature like a raven would be the only entity on this list capable of consuming corn to obtain nutrients."",
  ""confidence"": 1.0
}",D,1,biology
12-1174,2,B,D,"I am evaluating the options based on the nature of the entities listed. A rock, ice, and a waterfall are inanimate, non-living geological or physical features of the environment. They do not eat, grow, or have a metabolism that would require or process nutrients. A raven, however, is a living animal. I know from general observation that animals are living beings that consume organic matter to survive and function. Therefore, it is logical that corn, which is a plant/food source, would provide nutrients to a living creature like a raven, whereas it would have no interaction with the other inanimate options.",1.0,"{
  ""answer"": ""D"",
  ""reasoning"": ""I am evaluating the options based on the nature of the entities listed. A rock, ice, and a waterfall are inanimate, non-living geological or physical features of the environment. They do not eat, grow, or have a metabolism that would require or process nutrients. A raven, however, is a living animal. I know from general observation that animals are living beings that consume organic matter to survive and function. Therefore, it is logical that corn, which is a plant/food source, would provide nutrients to a living creature like a raven, whereas it would have no interaction with the other inanimate options."",
  ""confidence"": 1.0
}",D,1,biology
12-1174,3,B,D,"I am looking at the options provided. A rock, ice, and a waterfall are all inanimate objects that do not consume or process food. A raven is a bird that I have observed in nature. I have seen birds like ravens pecking at corn in fields. Since corn is a type of food that can be eaten, and a raven is a creature that performs the action of eating, the corn would provide the contents of its substance to the raven.",1.0,"{
  ""answer"": ""D"",
  ""reasoning"": ""I am looking at the options provided. A rock, ice, and a waterfall are all inanimate objects that do not consume or process food. A raven is a bird that I have observed in nature. I have seen birds like ravens pecking at corn in fields. Since corn is a type of food that can be eaten, and a raven is a creature that performs the action of eating, the corn would provide the contents of its substance to the raven."",
  ""confidence"": 1.0
}",D,1,biology
7-829,1,B,B,"I know that wolves are predators that rely on hunting for food. If a wolf is not catching prey reliably, it means it is not getting enough food. To solve the problem of not having enough food, the logical action for a predator is to increase its effort to find and capture prey. Therefore, the wolf will hunt more frequently or spend more time hunting to try and secure the necessary food. While showing ribs might eventually happen due to starvation, the immediate behavioral response to a lack of success is to increase the effort put into the task.",0.9,"```json
{
  ""answer"": ""B"",
  ""reasoning"": ""I know that wolves are predators that rely on hunting for food. If a wolf is not catching prey reliably, it means it is not getting enough food. To solve the problem of not having enough food, the logical action for a predator is to increase its effort to find and capture prey. Therefore, the wolf will hunt more frequently or spend more time hunting to try and secure the necessary food. While showing ribs might eventually happen due to starvation, the immediate behavioral response to a lack of success is to increase the effort put into the task."",
  ""confidence"": 0.9
}
```",A,2,biology
7-829,2,B,B,"I am observing the behavior of a wolf. I know that wolves are active predators. If a wolf is not successful in catching its food, its primary behavioral pattern is to continue the activity of searching and chasing. I do not have information regarding biological internal states like 'metabolic demand' or 'homeostasis' (the need for energy to survive), nor do I understand the broader ecological concept of 'energy acquisition.' Therefore, I am looking at this strictly as a behavioral loop: if the goal (catching prey) is not met, the logical behavioral response is to repeat the attempt. 'Showing ribs' implies a biological consequence I don't understand, 'having pups' is a reproductive choice unrelated to immediate success, and 'taking naps' would be the opposite of the active nature of a predator. Thus, the wolf will simply hunt more.",0.8,"{
  ""answer"": ""B"",
  ""reasoning"": ""I am observing the behavior of a wolf. I know that wolves are active predators. If a wolf is not successful in catching its food, its primary behavioral pattern is to continue the activity of searching and chasing. I do not have information regarding biological internal states like 'metabolic demand' or 'homeostasis' (the need for energy to survive), nor do I understand the broader ecological concept of 'energy acquisition.' Therefore, I am looking at this strictly as a behavioral loop: if the goal (catching prey) is not met, the logical behavioral response is to repeat the attempt. 'Showing ribs' implies a biological consequence I don't understand, 'having pups' is a reproductive choice unrelated to immediate success, and 'taking naps' would be the opposite of the active nature of a predator. Thus, the wolf will simply hunt more."",
  ""confidence"": 0.8
}",A,2,biology
7-829,3,B,B,"I am observing the behavior of a wolf. I know that wolves are predators that chase other animals. If a wolf is not successful in catching its prey, it means the goal of the activity has not been achieved. In most goal-oriented behaviors, if an attempt fails, the logical response is to repeat the attempt until the goal is reached. Therefore, if the wolf fails to catch prey, it will continue to engage in the activity of hunting until it succeeds. Choice A describes a physical state, Choice C describes a reproductive event, and Choice D describes resting, none of which follow logically as a direct response to a failed attempt at a task.",0.9,"{
  ""answer"": ""B"",
  ""reasoning"": ""I am observing the behavior of a wolf. I know that wolves are predators that chase other animals. If a wolf is not successful in catching its prey, it means the goal of the activity has not been achieved. In most goal-oriented behaviors, if an attempt fails, the logical response is to repeat the attempt until the goal is reached. Therefore, if the wolf fails to catch prey, it will continue to engage in the activity of hunting until it succeeds. Choice A describes a physical state, Choice C describes a reproductive event, and Choice D describes resting, none of which follow logically as a direct response to a failed attempt at a task."",
  ""confidence"": 0.9
}",A,2,biology
1873,1,B,A. coyote,"I am evaluating the movement patterns of the listed animals. Horses, deer, and buffalo are primarily known for grazing or browsing on stationary vegetation, which does not require high-speed pursuit. A coyote, however, is an animal that I have observed chasing down other animals to catch them. Since catching another moving animal requires a burst of speed, the coyote is the most logical choice among the options provided for an animal that needs to move quickly to obtain its food.",0.9,"{
  ""answer"": ""A. coyote"",
  ""reasoning"": ""I am evaluating the movement patterns of the listed animals. Horses, deer, and buffalo are primarily known for grazing or browsing on stationary vegetation, which does not require high-speed pursuit. A coyote, however, is an animal that I have observed chasing down other animals to catch them. Since catching another moving animal requires a burst of speed, the coyote is the most logical choice among the options provided for an animal that needs to move quickly to obtain its food."",
  ""confidence"": 0.9
}",A,2,biology
1873,2,B,A. coyote,"I am analyzing the movement patterns of the listed animals. Horses, deer, and buffalo are primarily known for grazing or browsing on stationary vegetation, which does not require high-speed movement to acquire. Coyotes, however, are known to be active animals that often travel over large distances and engage in quick bursts of movement to secure their food sources, which are often mobile. Therefore, the coyote is the most logical choice for an animal that needs to move quickly for food.",0.85,"{
  ""answer"": ""A. coyote"",
  ""reasoning"": ""I am analyzing the movement patterns of the listed animals. Horses, deer, and buffalo are primarily known for grazing or browsing on stationary vegetation, which does not require high-speed movement to acquire. Coyotes, however, are known to be active animals that often travel over large distances and engage in quick bursts of movement to secure their food sources, which are often mobile. Therefore, the coyote is the most logical choice for an animal that needs to move quickly for food."",
  ""confidence"": 0.85
}",A,2,biology
1873,3,B,A. coyote,"I am analyzing the movement patterns of the listed animals. I know that horses, deer, and buffalo are animals that primarily spend their time grazing on grass or plants that are stationary on the ground. They do not need to chase their food. However, I have observed that coyotes are animals that often interact with other living creatures that are capable of moving away from them. If an animal is trying to get something that is also moving, it would logically need to move quickly to catch it. Therefore, the coyote is the most likely candidate among the choices to require speed for obtaining food.",0.85,"{
  ""answer"": ""A. coyote"",
  ""reasoning"": ""I am analyzing the movement patterns of the listed animals. I know that horses, deer, and buffalo are animals that primarily spend their time grazing on grass or plants that are stationary on the ground. They do not need to chase their food. However, I have observed that coyotes are animals that often interact with other living creatures that are capable of moving away from them. If an animal is trying to get something that is also moving, it would logically need to move quickly to catch it. Therefore, the coyote is the most likely candidate among the choices to require speed for obtaining food."",
  ""confidence"": 0.85
}",A,2,biology
7-729,1,B,A,"I am considering how flies locate food sources. I know that flies are often found around garbage, compost, and dead matter. I don't know the specific biological mechanism of how they detect these things (chemoreception), but I know from general observation that they are attracted to the chemical signatures of decomposition. Looking at the options, 'organism decay' is the most scientifically accurate and broad description of the process that produces the odors flies are known to be attracted to. 'Bad smells' is subjective, 'dying animals' is too narrow, and 'rotting trees' is only one specific type of decay. Therefore, 'organism decay' is the most logical choice.",0.85,"{
  ""answer"": ""A"",
  ""reasoning"": ""I am considering how flies locate food sources. I know that flies are often found around garbage, compost, and dead matter. I don't know the specific biological mechanism of how they detect these things (chemoreception), but I know from general observation that they are attracted to the chemical signatures of decomposition. Looking at the options, 'organism decay' is the most scientifically accurate and broad description of the process that produces the odors flies are known to be attracted to. 'Bad smells' is subjective, 'dying animals' is too narrow, and 'rotting trees' is only one specific type of decay. Therefore, 'organism decay' is the most logical choice."",
  ""confidence"": 0.85
}",A,1,biology
7-729,2,B,A,"I am thinking about why flies are commonly seen around food sources. I know that flies are often associated with garbage, trash cans, and places where food is left out. When food is left out for too long, it begins to break down or decompose. I don't know the specific biological mechanisms of how flies detect these things, nor do I know about their specific ecological roles or survival strategies. However, based on general observation, flies seem to be attracted to things that are in the process of breaking down. Between the choices provided, 'organism decay' is the most accurate scientific description of the process that makes food smell 'bad' or 'rotting' to a human, and it covers a broader range of food sources than just 'dying animals' or 'rotting trees'. Therefore, 'organism decay' seems like the most logical and comprehensive answer.",0.7,"{
  ""answer"": ""A"",
  ""reasoning"": ""I am thinking about why flies are commonly seen around food sources. I know that flies are often associated with garbage, trash cans, and places where food is left out. When food is left out for too long, it begins to break down or decompose. I don't know the specific biological mechanisms of how flies detect these things, nor do I know about their specific ecological roles or survival strategies. However, based on general observation, flies seem to be attracted to things that are in the process of breaking down. Between the choices provided, 'organism decay' is the most accurate scientific description of the process that makes food smell 'bad' or 'rotting' to a human, and it covers a broader range of food sources than just 'dying animals' or 'rotting trees'. Therefore, 'organism decay' seems like the most logical and comprehensive answer."",
  ""confidence"": 0.7
}",A,1,biology
7-729,3,B,A,"I am thinking about what flies eat and where I usually see them. I know that flies are often associated with things that are breaking down or decomposing. When I look at the options provided, 'organism decay' seems to be the most comprehensive and accurate scientific description of the process that produces the odors flies are attracted to. While 'dying animals' is a specific type of decay and 'rotting trees' is another, 'organism decay' covers the general category of biological matter breaking down, which is the primary source of the food flies seek. I don't know how their bodies detect these smells or how they fit into an ecosystem, but based on general knowledge of what flies congregate around, 'organism decay' is the most logical answer.",0.85,"```json
{
  ""answer"": ""A"",
  ""reasoning"": ""I am thinking about what flies eat and where I usually see them. I know that flies are often associated with things that are breaking down or decomposing. When I look at the options provided, 'organism decay' seems to be the most comprehensive and accurate scientific description of the process that produces the odors flies are attracted to. While 'dying animals' is a specific type of decay and 'rotting trees' is another, 'organism decay' covers the general category of biological matter breaking down, which is the primary source of the food flies seek. I don't know how their bodies detect these smells or how they fit into an ecosystem, but based on general knowledge of what flies congregate around, 'organism decay' is the most logical answer."",
  ""confidence"": 0.85
}
```",A,1,biology
11-287,1,B,D. lion,"I am evaluating the typical behaviors of the animals listed. Deer are known to graze on grass and leaves. Elephants are large mammals that consume vegetation like trees, shrubs, and grasses. Worms typically consume decaying organic matter or soil. Lions, however, are famously observed in nature hunting other animals like zebras or antelopes to survive. Based on common knowledge of animal behavior and physical characteristics like sharp teeth and claws, the lion is the only one that actively hunts and consumes other living animals.",1.0,"{
  ""answer"": ""D. lion"",
  ""reasoning"": ""I am evaluating the typical behaviors of the animals listed. Deer are known to graze on grass and leaves. Elephants are large mammals that consume vegetation like trees, shrubs, and grasses. Worms typically consume decaying organic matter or soil. Lions, however, are famously observed in nature hunting other animals like zebras or antelopes to survive. Based on common knowledge of animal behavior and physical characteristics like sharp teeth and claws, the lion is the only one that actively hunts and consumes other living animals."",
  ""confidence"": 1
}",D,1,biology
11-287,2,B,D,"I am evaluating the physical characteristics and behaviors of the animals listed. Deer and elephants are large, land-dwelling animals that I observe spending their time grazing on grass, leaves, and tree branches. Worms live in the soil and consume decaying organic matter or dirt. Lions, however, are known for their sharp teeth, powerful claws, and hunting behavior. I have observed lions chasing down other animals like zebras or antelopes in the wild to kill them, which suggests they are the most likely to consume another living animal compared to the others.",1.0,"{
  ""answer"": ""D"",
  ""reasoning"": ""I am evaluating the physical characteristics and behaviors of the animals listed. Deer and elephants are large, land-dwelling animals that I observe spending their time grazing on grass, leaves, and tree branches. Worms live in the soil and consume decaying organic matter or dirt. Lions, however, are known for their sharp teeth, powerful claws, and hunting behavior. I have observed lions chasing down other animals like zebras or antelopes in the wild to kill them, which suggests they are the most likely to consume another living animal compared to the others."",
  ""confidence"": 1.0
}",D,1,biology
11-287,3,B,D,"I am observing the behaviors and physical characteristics of the animals listed. I see that deer and elephants are large, calm animals that spend their time standing in fields or forests, often interacting with plants. Worms are small, slow-moving creatures that stay in the dirt. Lions, however, are observed to be fast, aggressive, and possess sharp teeth and claws. I have seen footage of lions chasing down other animals and biting them, which suggests they are the most likely to consume another living creature compared to the others, which I have never seen acting in an aggressive or hunting manner.",0.95,"{
  ""answer"": ""D"",
  ""reasoning"": ""I am observing the behaviors and physical characteristics of the animals listed. I see that deer and elephants are large, calm animals that spend their time standing in fields or forests, often interacting with plants. Worms are small, slow-moving creatures that stay in the dirt. Lions, however, are observed to be fast, aggressive, and possess sharp teeth and claws. I have seen footage of lions chasing down other animals and biting them, which suggests they are the most likely to consume another living creature compared to the others, which I have never seen acting in an aggressive or hunting manner."",
  ""confidence"": 0.95
}",D,1,biology
14-788,1,B,A. Stonehenge,"I need to determine which of these options is composed of minerals. I know that Stonehenge is constructed from large, heavy stones (sarsen stones and bluestones) that were quarried from the earth. Since stones are natural, solid, inorganic materials found in the ground, they fit the general category of things that come from the earth's crust. Car engines are primarily made of processed metals and alloys, which are manufactured products rather than raw natural substances. Alcohol is a chemical compound (liquid) produced through fermentation, and electricity is a flow of energy, not a physical object made of matter. Therefore, Stonehenge is the only option that is fundamentally a collection of natural rock formations.",0.9,"{
  ""answer"": ""A. Stonehenge"",
  ""reasoning"": ""I need to determine which of these options is composed of minerals. I know that Stonehenge is constructed from large, heavy stones (sarsen stones and bluestones) that were quarried from the earth. Since stones are natural, solid, inorganic materials found in the ground, they fit the general category of things that come from the earth's crust. Car engines are primarily made of processed metals and alloys, which are manufactured products rather than raw natural substances. Alcohol is a chemical compound (liquid) produced through fermentation, and electricity is a flow of energy, not a physical object made of matter. Therefore, Stonehenge is the only option that is fundamentally a collection of natural rock formations."",
  ""confidence"": 0.9
}",A,2,earth_science
14-788,2,B,A,"I need to determine which of these items is composed of substances found in the earth's crust, such as rocks or stones. 1. Stonehenge is constructed from large slabs of stone, which are natural, solid, inorganic materials found in the ground. 2. Car engines are made of processed metals and alloys; while these metals are extracted from the earth, the engine itself is a manufactured mechanical assembly, not a natural material. 3. Alcohol is a chemical compound (ethanol) produced through fermentation or synthesis, which is organic in nature. 4. Electricity is a flow of energy or charge, not a physical material object. Comparing these, Stonehenge is the only option directly composed of natural, solid, earth-derived materials.",0.9,"{
  ""answer"": ""A"",
  ""reasoning"": ""I need to determine which of these items is composed of substances found in the earth's crust, such as rocks or stones. 1. Stonehenge is constructed from large slabs of stone, which are natural, solid, inorganic materials found in the ground. 2. Car engines are made of processed metals and alloys; while these metals are extracted from the earth, the engine itself is a manufactured mechanical assembly, not a natural material. 3. Alcohol is a chemical compound (ethanol) produced through fermentation or synthesis, which is organic in nature. 4. Electricity is a flow of energy or charge, not a physical material object. Comparing these, Stonehenge is the only option directly composed of natural, solid, earth-derived materials."",
  ""confidence"": 0.9
}",A,2,earth_science
14-788,3,B,A. Stonehenge,"I need to identify which of these options is typically constructed from natural, solid, earth-based materials. Stonehenge is a monument built from large, heavy slabs of rock taken directly from the ground. Car engines are manufactured from processed metals and alloys, which are refined and transformed from their natural state. Alcohol is a liquid chemical compound, and electricity is a flow of energy, not a physical object made of solid materials. Since Stonehenge is composed of large, raw pieces of stone found in nature, it is the most logical choice for something made of the substances that come from the earth's crust.",0.9,"{
  ""answer"": ""A. Stonehenge"",
  ""reasoning"": ""I need to identify which of these options is typically constructed from natural, solid, earth-based materials. Stonehenge is a monument built from large, heavy slabs of rock taken directly from the ground. Car engines are manufactured from processed metals and alloys, which are refined and transformed from their natural state. Alcohol is a liquid chemical compound, and electricity is a flow of energy, not a physical object made of solid materials. Since Stonehenge is composed of large, raw pieces of stone found in nature, it is the most logical choice for something made of the substances that come from the earth's crust."",
  ""confidence"": 0.9
}",A,2,earth_science
13-384,1,B,D. Beeswax,"I am evaluating the choices based on their common material properties. A metal ring is made of metal, which is typically used to conduct electricity in circuits. A battery is a source of electrical energy, meaning it is designed to facilitate the flow of current. A door hinge is made of metal, which is used for structural strength and is known to allow electrical current to pass through it. Beeswax is a natural substance derived from bees; it is a waxy, organic material. In my experience with household items, organic waxy substances do not conduct electricity and are often used to coat or separate components to prevent short circuits, unlike the metallic objects listed.",0.95,"{
  ""answer"": ""D. Beeswax"",
  ""reasoning"": ""I am evaluating the choices based on their common material properties. A metal ring is made of metal, which is typically used to conduct electricity in circuits. A battery is a source of electrical energy, meaning it is designed to facilitate the flow of current. A door hinge is made of metal, which is used for structural strength and is known to allow electrical current to pass through it. Beeswax is a natural substance derived from bees; it is a waxy, organic material. In my experience with household items, organic waxy substances do not conduct electricity and are often used to coat or separate components to prevent short circuits, unlike the metallic objects listed."",
  ""confidence"": 0.95
}",D,1,physics
13-384,2,B,D. Beeswax,"I need to identify which of these items prevents the flow of electricity. I know that metal objects like rings and door hinges are typically used in structures where they might interact with electrical systems, and batteries are explicitly designed to store and release electrical energy. Beeswax, however, is a natural substance derived from bees. It is a waxy, organic solid that is not a metal and is not used in electrical circuits to carry current. By process of elimination, since the other three are either metal or power sources, beeswax is the substance that would not facilitate the movement of electricity.",0.95,"{
  ""reasoning"": ""I need to identify which of these items prevents the flow of electricity. I know that metal objects like rings and door hinges are typically used in structures where they might interact with electrical systems, and batteries are explicitly designed to store and release electrical energy. Beeswax, however, is a natural substance derived from bees. It is a waxy, organic solid that is not a metal and is not used in electrical circuits to carry current. By process of elimination, since the other three are either metal or power sources, beeswax is the substance that would not facilitate the movement of electricity."",
  ""answer"": ""D. Beeswax"",
  ""confidence"": 0.95
}",D,1,physics
13-384,3,B,D. Beeswax,"I am evaluating the items based on their physical properties and common usage. A metal ring is made of solid metal, which is typically used for jewelry or structural components. A battery is a device specifically designed to store and release energy, meaning it is inherently involved in the flow of power. A door hinge is made of metal and is used for mechanical movement. Beeswax is a natural, waxy substance derived from honeycombs. In my experience, materials like wax, rubber, and plastic are often used to cover or separate things to prevent energy from escaping or moving, whereas metals are used to facilitate the movement of energy. Therefore, beeswax is the most logical choice for a material that does not allow the flow of energy.",0.95,"{
  ""answer"": ""D. Beeswax"",
  ""reasoning"": ""I am evaluating the items based on their physical properties and common usage. A metal ring is made of solid metal, which is typically used for jewelry or structural components. A battery is a device specifically designed to store and release energy, meaning it is inherently involved in the flow of power. A door hinge is made of metal and is used for mechanical movement. Beeswax is a natural, waxy substance derived from honeycombs. In my experience, materials like wax, rubber, and plastic are often used to cover or separate things to prevent energy from escaping or moving, whereas metals are used to facilitate the movement of energy. Therefore, beeswax is the most logical choice for a material that does not allow the flow of energy."",
  ""confidence"": 0.95
}",D,1,physics
